Date	NDVI	Geometry
2017-04-24	0.12837851552272359	budrio-half
2017-04-25	0.12753388897749754	budrio-half
2017-04-26	0.12640772025052946	budrio-half
2017-04-27	0.12528155152356138	budrio-half
2017-04-28	0.12415538279659333	budrio-half
2017-04-29	0.12302921406962525	budrio-half
2017-04-30	0.12190304534265717	budrio-half
2017-05-01	0.1207768766156891	budrio-half
2017-05-02	0.11965070788872102	budrio-half
2017-05-03	0.11852453916175297	budrio-half
2017-05-04	0.11739837043478489	budrio-half
2017-05-05	0.11627220170781681	budrio-half
2017-05-06	0.11514603298084874	budrio-half
2017-05-07	0.11401986425388067	budrio-half
2017-05-08	0.1128936955269126	budrio-half
2017-05-09	0.11176752679994452	budrio-half
2017-05-10	0.11064135807297647	budrio-half
2017-05-11	0.10951518934600839	budrio-half
2017-05-12	0.10838902061904031	budrio-half
2017-05-13	0.10726285189207224	budrio-half
2017-05-14	0.10665126430999827	budrio-half
2017-05-15	0.10940784422177667	budrio-half
2017-05-16	0.11277256548661174	budrio-half
2017-05-17	0.1161372867514468	budrio-half
2017-05-18	0.11950200801628187	budrio-half
2017-05-19	0.12286672928111693	budrio-half
2017-05-20	0.126231450545952	budrio-half
2017-05-21	0.1295961718107871	budrio-half
2017-05-22	0.13296089307562214	budrio-half
2017-05-23	0.13632561434045723	budrio-half
2017-05-24	0.1396903356052923	budrio-half
2017-05-25	0.14305505687012735	budrio-half
2017-05-26	0.1464197781349624	budrio-half
2017-05-27	0.1497844993997975	budrio-half
2017-05-28	0.15314922066463257	budrio-half
2017-05-29	0.15651394192946763	budrio-half
2017-05-30	0.1598786631943027	budrio-half
2017-05-31	0.16324338445913775	budrio-half
2017-06-01	0.16660810572397283	budrio-half
2017-06-02	0.1699728269888079	budrio-half
2017-06-03	0.17362388579445978	budrio-half
2017-06-04	0.17914915395818554	budrio-half
2017-06-05	0.18501282103378572	budrio-half
2017-06-06	0.19087648810938587	budrio-half
2017-06-07	0.19674015518498608	budrio-half
2017-06-08	0.20260382226058624	budrio-half
2017-06-09	0.20846748933618642	budrio-half
2017-06-10	0.2143311564117866	budrio-half
2017-06-11	0.22019482348738675	budrio-half
2017-06-12	0.22605849056298696	budrio-half
2017-06-13	0.2334969876183661	budrio-half
2017-06-14	0.2512434627232075	budrio-half
2017-06-15	0.27085110053142414	budrio-half
2017-06-16	0.2904587383396407	budrio-half
2017-06-17	0.3100663761478573	budrio-half
2017-06-18	0.32967401395607393	budrio-half
2017-06-19	0.3492816517642905	budrio-half
2017-06-20	0.3688892895725071	budrio-half
2017-06-21	0.3884969273807237	budrio-half
2017-06-22	0.4081045651889403	budrio-half
2017-06-23	0.4256617747182467	budrio-half
2017-06-24	0.4297979991492315	budrio-half
2017-06-25	0.4315109901596861	budrio-half
2017-06-26	0.43322398117014066	budrio-half
2017-06-27	0.4349369721805952	budrio-half
2017-06-28	0.4366499631910498	budrio-half
2017-06-29	0.4383629542015044	budrio-half
2017-06-30	0.4400759452119589	budrio-half
2017-07-01	0.4417889362224135	budrio-half
2017-07-02	0.44350192723286813	budrio-half
2017-07-03	0.4467196764894201	budrio-half
2017-07-04	0.4597867524477013	budrio-half
2017-07-05	0.4746321790604613	budrio-half
2017-07-06	0.48947760567322135	budrio-half
2017-07-07	0.5043230322859814	budrio-half
2017-07-08	0.5191684588987414	budrio-half
2017-07-09	0.5340138855115014	budrio-half
2017-07-10	0.5488593121242614	budrio-half
2017-07-11	0.5637047387370214	budrio-half
2017-07-12	0.5785501653497814	budrio-half
2017-07-13	0.5913561243687847	budrio-half
2017-07-14	0.5908128409559253	budrio-half
2017-07-15	0.5878592776595352	budrio-half
2017-07-16	0.5849057143631451	budrio-half
2017-07-17	0.581952151066755	budrio-half
2017-07-18	0.5789985877703648	budrio-half
2017-07-19	0.5760450244739748	budrio-half
2017-07-20	0.5730914611775847	budrio-half
2017-07-21	0.5701378978811945	budrio-half
2017-07-22	0.5671843345848044	budrio-half
2017-07-23	0.5651461058481677	budrio-half
2017-07-24	0.5690991578662804	budrio-half
2017-07-25	0.574133968909556	budrio-half
2017-07-26	0.5791687799528318	budrio-half
2017-07-27	0.5842035909961075	budrio-half
2017-07-28	0.5892384020393832	budrio-half
2017-07-29	0.5942732130826588	budrio-half
2017-07-30	0.5993080241259345	budrio-half
2017-07-31	0.6043428351692103	budrio-half
2017-08-01	0.6093776462124859	budrio-half
2017-08-02	0.6129644552229419	budrio-half
2017-08-03	0.6070734327458501	budrio-half
2017-08-04	0.5994711351390623	budrio-half
2017-08-05	0.5918688375322744	budrio-half
2017-08-06	0.5842665399254866	budrio-half
2017-08-07	0.5766642423186987	budrio-half
2017-08-08	0.5690619447119108	budrio-half
2017-08-09	0.561459647105123	budrio-half
2017-08-10	0.5538573494983351	budrio-half
2017-08-11	0.5462550518915473	budrio-half
2017-08-12	0.5390863583103068	budrio-half
2017-08-13	0.5347558001690129	budrio-half
2017-08-14	0.5309376831488205	budrio-half
2017-08-15	0.527119566128628	budrio-half
2017-08-16	0.5233014491084356	budrio-half
2017-08-17	0.5194833320882432	budrio-half
2017-08-18	0.5156652150680506	budrio-half
2017-08-19	0.5118470980478582	budrio-half
2017-08-20	0.5080289810276658	budrio-half
2017-08-21	0.5042108640074733	budrio-half
2017-08-22	0.5011631534924683	budrio-half
2017-08-23	0.5031581037386905	budrio-half
2017-08-24	0.5060635344001342	budrio-half
2017-08-25	0.5089689650615778	budrio-half
2017-08-26	0.5118743957230215	budrio-half
2017-08-27	0.5147798263844653	budrio-half
2017-08-28	0.517685257045909	budrio-half
2017-08-29	0.5205906877073526	budrio-half
2017-08-30	0.5234961183687963	budrio-half
2017-08-31	0.52640154903024	budrio-half
2017-09-01	0.5270926967505255	budrio-half
2017-09-02	0.5132903561286842	budrio-half
2017-09-03	0.4968711356672925	budrio-half
2017-09-04	0.48045191520590075	budrio-half
2017-09-05	0.464032694744509	budrio-half
2017-09-06	0.4476134742831172	budrio-half
2017-09-07	0.43119425382172544	budrio-half
2017-09-08	0.41477503336033367	budrio-half
2017-09-09	0.3983558128989419	budrio-half
2017-09-10	0.3819365924375501	budrio-half
2017-09-11	0.36551737197615836	budrio-half
2017-09-12	0.3490981515147665	budrio-half
2017-09-13	0.33267893105337476	budrio-half
2017-09-14	0.316259710591983	budrio-half
2017-09-15	0.29984049013059116	budrio-half
2017-09-16	0.2834212696691994	budrio-half
2017-09-17	0.2670020492078076	budrio-half
2017-09-18	0.25058282874641585	budrio-half
2017-09-19	0.2341636082850241	budrio-half
2017-09-20	0.21774438782363234	budrio-half
2017-09-21	0.2027373831646431	budrio-half
2017-09-22	0.1969739728486524	budrio-half
2017-09-23	0.192879544844592	budrio-half
2017-09-24	0.18878511684053156	budrio-half
2017-09-25	0.1846906888364711	budrio-half
2017-09-26	0.18059626083241068	budrio-half
2017-09-27	0.17650183282835027	budrio-half
2017-09-28	0.17240740482428984	budrio-half
2017-09-29	0.16831297682022942	budrio-half
2017-09-30	0.164218548816169	budrio-half
2017-10-01	0.16012412081210858	budrio-half
2017-10-02	0.15602969280804815	budrio-half
2017-10-03	0.15193526480398775	budrio-half
2017-10-04	0.14784083679992732	budrio-half
2017-10-05	0.1437464087958669	budrio-half
2017-10-06	0.1396519807918065	budrio-half
2017-10-07	0.13555755278774606	budrio-half
2017-10-08	0.13146312478368563	budrio-half
2017-10-09	0.1273686967796252	budrio-half
2017-10-10	0.12327426877556479	budrio-half
2017-10-11	0.11974820187457759	budrio-half
2017-10-12	0.11994231673916071	budrio-half
2017-10-13	0.12080813108919403	budrio-half
2017-10-14	0.12167394543922733	budrio-half
2017-10-15	0.12253975978926064	budrio-half
2017-10-16	0.12340557413929394	budrio-half
2017-10-17	0.12427138848932724	budrio-half
2017-10-18	0.12513720283936056	budrio-half
2017-10-19	0.12600301718939386	budrio-half
2017-10-20	0.12686883153942718	budrio-half
2017-10-21	0.12773464588946049	budrio-half
2017-10-22	0.12860046023949379	budrio-half
2017-10-23	0.1294662745895271	budrio-half
2017-10-24	0.13033208893956041	budrio-half
2017-10-25	0.13119790328959371	budrio-half
2017-10-26	0.13206371763962702	budrio-half
2017-10-27	0.13292953198966032	budrio-half
2017-10-28	0.13379534633969362	budrio-half
2017-10-29	0.13466116068972694	budrio-half
2017-10-30	0.13552697503976024	budrio-half
2017-10-31	0.13639278938979357	budrio-half
2017-11-01	0.13725860373982687	budrio-half
2017-11-02	0.13812441808986017	budrio-half
2017-11-03	0.13899023243989347	budrio-half
2017-11-04	0.13985604678992677	budrio-half
2017-11-05	0.1407218611399601	budrio-half
2017-11-06	0.1415876754899934	budrio-half
2017-11-07	0.1424534898400267	budrio-half
2017-11-08	0.14331930419006003	budrio-half
2017-11-09	0.14418511854009333	budrio-half
2017-11-10	0.14505093289012663	budrio-half
2017-11-11	0.14591674724015993	budrio-half
2017-11-12	0.14678256159019323	budrio-half
2017-11-13	0.14764837594022656	budrio-half
2017-11-14	0.14851419029025986	budrio-half
2017-11-15	0.14938000464029316	budrio-half
2017-11-16	0.1502458189903265	budrio-half
2017-11-17	0.1511116333403598	budrio-half
2017-11-18	0.1519774476903931	budrio-half
2017-11-19	0.1528432620404264	budrio-half
2017-11-20	0.15445613371125652	budrio-half
2017-11-21	0.16020655362034605	budrio-half
2017-11-22	0.16658909895472515	budrio-half
2017-11-23	0.17297164428910428	budrio-half
2017-11-24	0.1793541896234834	budrio-half
2017-11-25	0.18573673495786255	budrio-half
2017-11-26	0.19211928029224168	budrio-half
2017-11-27	0.19850182562662078	budrio-half
2017-11-28	0.2048843709609999	budrio-half
2017-11-29	0.21126691629537905	budrio-half
2017-11-30	0.21637959383935276	budrio-half
2017-12-01	0.21445915746723498	budrio-half
2017-12-02	0.2114642175801588	budrio-half
2017-12-03	0.20846927769308263	budrio-half
2017-12-04	0.20547433780600644	budrio-half
2017-12-05	0.20247939791893024	budrio-half
2017-12-06	0.19948445803185408	budrio-half
2017-12-07	0.19648951814477789	budrio-half
2017-12-08	0.1934945782577017	budrio-half
2017-12-09	0.19049963837062547	budrio-half
2017-12-10	0.1875046984835493	budrio-half
2017-12-11	0.18450975859647312	budrio-half
2017-12-12	0.18151481870939692	budrio-half
2017-12-13	0.17851987882232076	budrio-half
2017-12-14	0.17552493893524457	budrio-half
2017-12-15	0.17252999904816838	budrio-half
2017-12-16	0.1695350591610922	budrio-half
2017-12-17	0.166540119274016	budrio-half
2017-12-18	0.16354517938693983	budrio-half
2017-12-19	0.16055023949986363	budrio-half
2017-12-20	0.1598211989133133	budrio-half
2017-12-21	0.17164175445275245	budrio-half
2017-12-22	0.1853796094003289	budrio-half
2017-12-23	0.1991174643479053	budrio-half
2017-12-24	0.21285531929548174	budrio-half
2017-12-25	0.21998673436990343	budrio-half
2017-12-26	0.19052863630069905	budrio-half
2017-12-27	0.15548047372344065	budrio-half
2017-12-28	0.12043231114618225	budrio-half
2017-12-29	0.08538414856892386	budrio-half
2017-12-30	0.059356242779047406	budrio-half
2017-12-31	0.08328668227313239	budrio-half
2018-01-01	0.11484964674115593	budrio-half
2018-01-02	0.14641261120917945	budrio-half
2018-01-03	0.17797557567720299	budrio-half
2018-01-04	0.2059965563538697	budrio-half
2018-01-05	0.2144003960322527	budrio-half
2018-01-06	0.21980717250256457	budrio-half
2018-01-07	0.22521394897287642	budrio-half
2018-01-08	0.23062072544318826	budrio-half
2018-01-09	0.23602750191350017	budrio-half
2018-01-10	0.241434278383812	budrio-half
2018-01-11	0.24684105485412386	budrio-half
2018-01-12	0.25224783132443573	budrio-half
2018-01-13	0.2576546077947476	budrio-half
2018-01-14	0.262427953497029	budrio-half
2018-01-15	0.26369306725329583	budrio-half
2018-01-16	0.2644222011289215	budrio-half
2018-01-17	0.2651513350045472	budrio-half
2018-01-18	0.26588046888017286	budrio-half
2018-01-19	0.26660960275579854	budrio-half
2018-01-20	0.2673387366314242	budrio-half
2018-01-21	0.2680678705070499	budrio-half
2018-01-22	0.2687970043826755	budrio-half
2018-01-23	0.2695261382583012	budrio-half
2018-01-24	0.27025527213392686	budrio-half
2018-01-25	0.27098440600955254	budrio-half
2018-01-26	0.2717135398851782	budrio-half
2018-01-27	0.2724426737608039	budrio-half
2018-01-28	0.27317180763642956	budrio-half
2018-01-29	0.27390094151205524	budrio-half
2018-01-30	0.2746300753876809	budrio-half
2018-01-31	0.2753592092633066	budrio-half
2018-02-01	0.27608834313893227	budrio-half
2018-02-02	0.27681747701455794	budrio-half
2018-02-03	0.27754661089018356	budrio-half
2018-02-04	0.27827574476580924	budrio-half
2018-02-05	0.2790048786414349	budrio-half
2018-02-06	0.2797340125170606	budrio-half
2018-02-07	0.28046314639268627	budrio-half
2018-02-08	0.28119228026831194	budrio-half
2018-02-09	0.2819214141439376	budrio-half
2018-02-10	0.2826505480195633	budrio-half
2018-02-11	0.283379681895189	budrio-half
2018-02-12	0.28410881577081465	budrio-half
2018-02-13	0.2848379496464403	budrio-half
2018-02-14	0.285567083522066	budrio-half
2018-02-15	0.2862962173976917	budrio-half
2018-02-16	0.28702535127331735	budrio-half
2018-02-17	0.28775448514894303	budrio-half
2018-02-18	0.2884836190245687	budrio-half
2018-02-19	0.2892127529001944	budrio-half
2018-02-20	0.28994188677582006	budrio-half
2018-02-21	0.29067102065144573	budrio-half
2018-02-22	0.2914001545270714	budrio-half
2018-02-23	0.29212928840269703	budrio-half
2018-02-24	0.2928584222783227	budrio-half
2018-02-25	0.2935875561539484	budrio-half
2018-02-26	0.29431669002957406	budrio-half
2018-02-27	0.29504582390519973	budrio-half
2018-02-28	0.2952637807543877	budrio-half
2018-03-01	0.2926506033033051	budrio-half
2018-03-02	0.28960489144523677	budrio-half
2018-03-03	0.2865591795871684	budrio-half
2018-03-04	0.28351346772910013	budrio-half
2018-03-05	0.2804677558710318	budrio-half
2018-03-06	0.2774220440129635	budrio-half
2018-03-07	0.27437633215489515	budrio-half
2018-03-08	0.2713306202968268	budrio-half
2018-03-09	0.26828490843875846	budrio-half
2018-03-10	0.2652391965806902	budrio-half
2018-03-11	0.26219348472262183	budrio-half
2018-03-12	0.2591477728645535	budrio-half
2018-03-13	0.2561020610064852	budrio-half
2018-03-14	0.25305634914841685	budrio-half
2018-03-15	0.2500106372903485	budrio-half
2018-03-16	0.24696492543228019	budrio-half
2018-03-17	0.24391921357421184	budrio-half
2018-03-18	0.24087350171614352	budrio-half
2018-03-19	0.23782778985807518	budrio-half
2018-03-20	0.23478207800000686	budrio-half
2018-03-21	0.23173636614193852	budrio-half
2018-03-22	0.22869065428387023	budrio-half
2018-03-23	0.22564494242580188	budrio-half
2018-03-24	0.22259923056773356	budrio-half
2018-03-25	0.21955351870966522	budrio-half
2018-03-26	0.21650780685159687	budrio-half
2018-03-27	0.21346209499352856	budrio-half
2018-03-28	0.2104163831354602	budrio-half
2018-03-29	0.20737067127739192	budrio-half
2018-03-30	0.2052301125948646	budrio-half
2018-03-31	0.20901419287951498	budrio-half
2018-04-01	0.21386799964435022	budrio-half
2018-04-02	0.21872180640918548	budrio-half
2018-04-03	0.22357561317402072	budrio-half
2018-04-04	0.228429419938856	budrio-half
2018-04-05	0.2332832267036912	budrio-half
2018-04-06	0.23813703346852647	budrio-half
2018-04-07	0.2429908402333617	budrio-half
2018-04-08	0.24784464699819697	budrio-half
2018-04-09	0.2526984537630322	budrio-half
2018-04-10	0.25755226052786745	budrio-half
2018-04-11	0.2624060672927027	budrio-half
2018-04-12	0.267259874057538	budrio-half
2018-04-13	0.2721136808223732	budrio-half
2018-04-14	0.2772984175900889	budrio-half
2018-04-15	0.2846492416493856	budrio-half
2018-04-16	0.2923911648029956	budrio-half
2018-04-17	0.30013308795660554	budrio-half
2018-04-18	0.3078750111102155	budrio-half
2018-04-19	0.3156169342638255	budrio-half
2018-04-20	0.3233588574174354	budrio-half
2018-04-21	0.33110078057104536	budrio-half
2018-04-22	0.3388427037246553	budrio-half
2018-04-23	0.3465846268782653	budrio-half
2018-04-24	0.35352152240229934	budrio-half
2018-04-25	0.35518914616910896	budrio-half
2018-04-26	0.3559053736464197	budrio-half
2018-04-27	0.3566216011237305	budrio-half
2018-04-28	0.3573378286010413	budrio-half
2018-04-29	0.35805405607835206	budrio-half
2018-04-30	0.3587702835556628	budrio-half
2018-05-01	0.3594865110329737	budrio-half
2018-05-02	0.36020273851028445	budrio-half
2018-05-03	0.36091896598759526	budrio-half
2018-05-04	0.36222853105728353	budrio-half
2018-05-05	0.3674217603679885	budrio-half
2018-05-06	0.3733162068333215	budrio-half
2018-05-07	0.3792106532986545	budrio-half
2018-05-08	0.3851050997639875	budrio-half
2018-05-09	0.3909995462293205	budrio-half
2018-05-10	0.39689399269465336	budrio-half
2018-05-11	0.40278843915998636	budrio-half
2018-05-12	0.40868288562531935	budrio-half
2018-05-13	0.41457733209065234	budrio-half
2018-05-14	0.42047177855598533	budrio-half
2018-05-15	0.42636622502131827	budrio-half
2018-05-16	0.43226067148665126	budrio-half
2018-05-17	0.43815511795198425	budrio-half
2018-05-18	0.44404956441731724	budrio-half
2018-05-19	0.45211412383259697	budrio-half
2018-05-20	0.47438305892025573	budrio-half
2018-05-21	0.49921667294876054	budrio-half
2018-05-22	0.5240502869772654	budrio-half
2018-05-23	0.5488839010057703	budrio-half
2018-05-24	0.5711929511100396	budrio-half
2018-05-25	0.5769775828011305	budrio-half
2018-05-26	0.5797786389453976	budrio-half
2018-05-27	0.5825796950896647	budrio-half
2018-05-28	0.5853807512339317	budrio-half
2018-05-29	0.5881818073781988	budrio-half
2018-05-30	0.5909828635224659	budrio-half
2018-05-31	0.5937839196667329	budrio-half
2018-06-01	0.596584975811	budrio-half
2018-06-02	0.5993860319552671	budrio-half
2018-06-03	0.602887604469487	budrio-half
2018-06-04	0.6109743750415797	budrio-half
2018-06-05	0.619889028596344	budrio-half
2018-06-06	0.6288036821511082	budrio-half
2018-06-07	0.6377183357058724	budrio-half
2018-06-08	0.6466329892606367	budrio-half
2018-06-09	0.6555476428154009	budrio-half
2018-06-10	0.6644622963701651	budrio-half
2018-06-11	0.6733769499249295	budrio-half
2018-06-12	0.6822916034796936	budrio-half
2018-06-13	0.6908064870920493	budrio-half
2018-06-14	0.6967046947177312	budrio-half
2018-06-15	0.7021304469569304	budrio-half
2018-06-16	0.7075561991961293	budrio-half
2018-06-17	0.7129819514353284	budrio-half
2018-06-18	0.7184077036745276	budrio-half
2018-06-19	0.7238334559137266	budrio-half
2018-06-20	0.7292592081529258	budrio-half
2018-06-21	0.7346849603921247	budrio-half
2018-06-22	0.7401107126313238	budrio-half
2018-06-23	0.7449668624452328	budrio-half
2018-06-24	0.7460947054754253	budrio-half
2018-06-25	0.746549382003002	budrio-half
2018-06-26	0.7470040585305789	budrio-half
2018-06-27	0.7474587350581557	budrio-half
2018-06-28	0.7435598292585285	budrio-half
2018-06-29	0.7111647482262922	budrio-half
2018-06-30	0.6736245244437237	budrio-half
2018-07-01	0.6360843006611552	budrio-half
2018-07-02	0.5985440768785867	budrio-half
2018-07-03	0.566973020321827	budrio-half
2018-07-04	0.5744728765158156	budrio-half
2018-07-05	0.5890272030675783	budrio-half
2018-07-06	0.6035815296193409	budrio-half
2018-07-07	0.6181358561711036	budrio-half
2018-07-08	0.6326901827228663	budrio-half
2018-07-09	0.647244509274629	budrio-half
2018-07-10	0.6617988358263917	budrio-half
2018-07-11	0.6763531623781542	budrio-half
2018-07-12	0.6909074889299168	budrio-half
2018-07-13	0.7033895044541102	budrio-half
2018-07-14	0.7023073023433044	budrio-half
2018-07-15	0.6987760053817347	budrio-half
2018-07-16	0.6952447084201651	budrio-half
2018-07-17	0.6917134114585956	budrio-half
2018-07-18	0.688362746664995	budrio-half
2018-07-19	0.6861944015162836	budrio-half
2018-07-20	0.6842395307478996	budrio-half
2018-07-21	0.6822846599795155	budrio-half
2018-07-22	0.6803297892111312	budrio-half
2018-07-23	0.6782681184235028	budrio-half
2018-07-24	0.6755073929644563	budrio-half
2018-07-25	0.6726204493008483	budrio-half
2018-07-26	0.6697335056372403	budrio-half
2018-07-27	0.6668465619736322	budrio-half
2018-07-28	0.6639596183100243	budrio-half
2018-07-29	0.6610726746464162	budrio-half
2018-07-30	0.6581857309828082	budrio-half
2018-07-31	0.6552987873192001	budrio-half
2018-08-01	0.6524118436555921	budrio-half
2018-08-02	0.6495248999919842	budrio-half
2018-08-03	0.6466379563283761	budrio-half
2018-08-04	0.6437510126647681	budrio-half
2018-08-05	0.6408640690011601	budrio-half
2018-08-06	0.637977125337552	budrio-half
2018-08-07	0.634483916545082	budrio-half
2018-08-08	0.6270224269091509	budrio-half
2018-08-09	0.6188444421209284	budrio-half
2018-08-10	0.6106664573327057	budrio-half
2018-08-11	0.6024884725444831	budrio-half
2018-08-12	0.5943104877562606	budrio-half
2018-08-13	0.586132502968038	budrio-half
2018-08-14	0.5779545181798155	budrio-half
2018-08-15	0.5697765333915928	budrio-half
2018-08-16	0.5615985486033702	budrio-half
2018-08-17	0.5519372081515359	budrio-half
2018-08-18	0.5325666306287885	budrio-half
2018-08-19	0.5114429964126816	budrio-half
2018-08-20	0.4903193621965749	budrio-half
2018-08-21	0.4691957279804681	budrio-half
2018-08-22	0.44521553750563786	budrio-half
2018-08-23	0.4025378878827997	budrio-half
2018-08-24	0.35648430813601567	budrio-half
2018-08-25	0.31043072838923164	budrio-half
2018-08-26	0.2643771486424476	budrio-half
2018-08-27	0.2225410998846881	budrio-half
2018-08-28	0.20831070850963454	budrio-half
2018-08-29	0.1990646719397918	budrio-half
2018-08-30	0.18981863536994903	budrio-half
2018-08-31	0.18057259880010626	budrio-half
2018-09-01	0.17132656223026352	budrio-half
2018-09-02	0.16208052566042078	budrio-half
2018-09-03	0.152834489090578	budrio-half
2018-09-04	0.14358845252073524	budrio-half
2018-09-05	0.1343424159508925	budrio-half
2018-09-06	0.1263810920562445	budrio-half
2018-09-07	0.12682879658105314	budrio-half
2018-09-08	0.12879479790381923	budrio-half
2018-09-09	0.13076079922658532	budrio-half
2018-09-10	0.13272680054935138	budrio-half
2018-09-11	0.13346407581666409	budrio-half
2018-09-12	0.126158780539191	budrio-half
2018-09-13	0.11740135446890937	budrio-half
2018-09-14	0.10864392839862773	budrio-half
2018-09-15	0.0998865023283461	budrio-half
2018-09-16	0.09296495699830204	budrio-half
2018-09-17	0.09806008560435846	budrio-half
2018-09-18	0.10532489144887745	budrio-half
2018-09-19	0.11258969729339646	budrio-half
2018-09-20	0.11985450313791546	budrio-half
2018-09-21	0.1264519152493804	budrio-half
2018-09-22	0.12868093201721872	budrio-half
2018-09-23	0.13012121073690222	budrio-half
2018-09-24	0.13156148945658572	budrio-half
2018-09-25	0.13300176817626921	budrio-half
2018-09-26	0.13375871561239247	budrio-half
2018-09-27	0.13004294919248496	budrio-half
2018-09-28	0.12551960943746077	budrio-half
2018-09-29	0.12099626968243658	budrio-half
2018-09-30	0.11647292992741239	budrio-half
2018-10-01	0.11188098543796297	budrio-half
2018-10-02	0.10683999177773025	budrio-half
2018-10-03	0.101717919794995	budrio-half
2018-10-04	0.09659584781225976	budrio-half
2018-10-05	0.09147377582952448	budrio-half
2018-10-06	0.08635170384678924	budrio-half
2018-10-07	0.08122963186405398	budrio-half
2018-10-08	0.07610755988131872	budrio-half
2018-10-09	0.07098548789858347	budrio-half
2018-10-10	0.06586341591584821	budrio-half
2018-10-11	0.06130670670895343	budrio-half
2018-10-12	0.06045055385301449	budrio-half
2018-10-13	0.06026255700488702	budrio-half
2018-10-14	0.06007456015675955	budrio-half
2018-10-15	0.05988656330863207	budrio-half
2018-10-16	0.059698566460504594	budrio-half
2018-10-17	0.05951056961237713	budrio-half
2018-10-18	0.059322572764249654	budrio-half
2018-10-19	0.05913457591612218	budrio-half
2018-10-20	0.05894657906799471	budrio-half
2018-10-21	0.05991493287370439	budrio-half
2018-10-22	0.06845212732271176	budrio-half
2018-10-23	0.07835591799898123	budrio-half
2018-10-24	0.0882597086752507	budrio-half
2018-10-25	0.09816349935152018	budrio-half
2018-10-26	0.10806729002778963	budrio-half
2018-10-27	0.1179710807040591	budrio-half
2018-10-28	0.12787487138032858	budrio-half
2018-10-29	0.13777866205659803	budrio-half
2018-10-30	0.14768245273286748	budrio-half
2018-10-31	0.15636690519234694	budrio-half
2018-11-01	0.15829809983575852	budrio-half
2018-11-02	0.15919754675727088	budrio-half
2018-11-03	0.16009699367878322	budrio-half
2018-11-04	0.16099644060029558	budrio-half
2018-11-05	0.16189588752180792	budrio-half
2018-11-06	0.16279533444332026	budrio-half
2018-11-07	0.1636947813648326	budrio-half
2018-11-08	0.16459422828634496	budrio-half
2018-11-09	0.1654936752078573	budrio-half
2018-11-10	0.16639312212936966	budrio-half
2018-11-11	0.167292569050882	budrio-half
2018-11-12	0.16819201597239433	budrio-half
2018-11-13	0.16909146289390667	budrio-half
2018-11-14	0.169990909815419	budrio-half
2018-11-15	0.17102807155801455	budrio-half
2018-11-16	0.1728279615404552	budrio-half
2018-11-17	0.17474437944842783	budrio-half
2018-11-18	0.17666079735640042	budrio-half
2018-11-19	0.178577215264373	budrio-half
2018-11-20	0.1804936331723456	budrio-half
2018-11-21	0.18241005108031824	budrio-half
2018-11-22	0.18432646898829083	budrio-half
2018-11-23	0.18624288689626342	budrio-half
2018-11-24	0.188159304804236	budrio-half
2018-11-25	0.1900757227122086	budrio-half
2018-11-26	0.19199214062018122	budrio-half
2018-11-27	0.1939085585281538	budrio-half
2018-11-28	0.1958249764361264	budrio-half
2018-11-29	0.197741394344099	budrio-half
2018-11-30	0.1996578122520716	budrio-half
2018-12-01	0.2015742301600442	budrio-half
2018-12-02	0.20349064806801678	budrio-half
2018-12-03	0.20540706597598937	budrio-half
2018-12-04	0.20732348388396202	budrio-half
2018-12-05	0.20983682331575562	budrio-half
2018-12-06	0.2156561896487119	budrio-half
2018-12-07	0.22198064342490134	budrio-half
2018-12-08	0.2283050972010908	budrio-half
2018-12-09	0.23462955097728025	budrio-half
2018-12-10	0.2409540047534697	budrio-half
2018-12-11	0.24727845852965916	budrio-half
2018-12-12	0.2536029123058486	budrio-half
2018-12-13	0.25992736608203804	budrio-half
2018-12-14	0.2662518198582275	budrio-half
2018-12-15	0.2719968390988475	budrio-half
2018-12-16	0.27453268245015977	budrio-half
2018-12-17	0.2765782350406056	budrio-half
2018-12-18	0.2786237876310514	budrio-half
2018-12-19	0.2806693402214972	budrio-half
2018-12-20	0.282714892811943	budrio-half
2018-12-21	0.2847604454023889	budrio-half
2018-12-22	0.2868059979928347	budrio-half
2018-12-23	0.2888515505832805	budrio-half
2018-12-24	0.2908971031737263	budrio-half
2018-12-25	0.2929426557641721	budrio-half
2018-12-26	0.294988208354618	budrio-half
2018-12-27	0.2970337609450638	budrio-half
2018-12-28	0.2990793135355096	budrio-half
2018-12-29	0.3011248661259554	budrio-half
2018-12-30	0.302085946290494	budrio-half
2018-12-31	0.2970407176346235	budrio-half
2019-01-01	0.2910778584645238	budrio-half
2019-01-02	0.28511499929442413	budrio-half
2019-01-03	0.27915214012432443	budrio-half
2019-01-04	0.2729711526899512	budrio-half
2019-01-05	0.26558207025344766	budrio-half
2019-01-06	0.2580084177471742	budrio-half
2019-01-07	0.25043476524090075	budrio-half
2019-01-08	0.24286111273462727	budrio-half
2019-01-09	0.23528746022835378	budrio-half
2019-01-10	0.22771380772208036	budrio-half
2019-01-11	0.22014015521580688	budrio-half
2019-01-12	0.2125665027095334	budrio-half
2019-01-13	0.20499285020325997	budrio-half
2019-01-14	0.1990798367478577	budrio-half
2019-01-15	0.20236420880497294	budrio-half
2019-01-16	0.20705373698205612	budrio-half
2019-01-17	0.21174326515913933	budrio-half
2019-01-18	0.21643279333622248	budrio-half
2019-01-19	0.2211223215133057	budrio-half
2019-01-20	0.2258118496903889	budrio-half
2019-01-21	0.23050137786747205	budrio-half
2019-01-22	0.23519090604455525	budrio-half
2019-01-23	0.23988043422163843	budrio-half
2019-01-24	0.2450923358421564	budrio-half
2019-01-25	0.2531973826878517	budrio-half
2019-01-26	0.26174443783183804	budrio-half
2019-01-27	0.2702914929758243	budrio-half
2019-01-28	0.27883854811981057	budrio-half
2019-01-29	0.2853726810404816	budrio-half
2019-01-30	0.2807583216474063	budrio-half
2019-01-31	0.2744407203730643	budrio-half
2019-02-01	0.26812311909872216	budrio-half
2019-02-02	0.26180551782438016	budrio-half
2019-02-03	0.25548791655003805	budrio-half
2019-02-04	0.24917031527569602	budrio-half
2019-02-05	0.24285271400135397	budrio-half
2019-02-06	0.23653511272701191	budrio-half
2019-02-07	0.23021751145266986	budrio-half
2019-02-08	0.22337551757642318	budrio-half
2019-02-09	0.21362919544347406	budrio-half
2019-02-10	0.20343915649352876	budrio-half
2019-02-11	0.19324911754358345	budrio-half
2019-02-12	0.18305907859363812	budrio-half
2019-02-13	0.17464100365022386	budrio-half
2019-02-14	0.17603688320452002	budrio-half
2019-02-15	0.17893211691818858	budrio-half
2019-02-16	0.18182735063185715	budrio-half
2019-02-17	0.18472258434552571	budrio-half
2019-02-18	0.18767159158368077	budrio-half
2019-02-19	0.19091842141899165	budrio-half
2019-02-20	0.19421075192886805	budrio-half
2019-02-21	0.19750308243874445	budrio-half
2019-02-22	0.20079541294862083	budrio-half
2019-02-23	0.20373837184820995	budrio-half
2019-02-24	0.20474634952159257	budrio-half
2019-02-25	0.20545870506319372	budrio-half
2019-02-26	0.20617106060479481	budrio-half
2019-02-27	0.20688341614639594	budrio-half
2019-02-28	0.2071372411123564	budrio-half
2019-03-01	0.20485151212092265	budrio-half
2019-03-02	0.20217779571933145	budrio-half
2019-03-03	0.1995040793177402	budrio-half
2019-03-04	0.196830362916149	budrio-half
2019-03-05	0.19415664651455777	budrio-half
2019-03-06	0.19148293011296658	budrio-half
2019-03-07	0.18880921371137535	budrio-half
2019-03-08	0.18613549730978415	budrio-half
2019-03-09	0.18346178090819296	budrio-half
2019-03-10	0.1807880645066017	budrio-half
2019-03-11	0.1781143481050105	budrio-half
2019-03-12	0.17544063170341928	budrio-half
2019-03-13	0.17276691530182808	budrio-half
2019-03-14	0.17009319890023686	budrio-half
2019-03-15	0.169597583861239	budrio-half
2019-03-16	0.18116529944583482	budrio-half
2019-03-17	0.19457602387570194	budrio-half
2019-03-18	0.20798674830556904	budrio-half
2019-03-19	0.22139747273543617	budrio-half
2019-03-20	0.231631334313148	budrio-half
2019-03-21	0.2242702631712308	budrio-half
2019-03-22	0.21422107730825912	budrio-half
2019-03-23	0.20417189144528747	budrio-half
2019-03-24	0.1941227055823158	budrio-half
2019-03-25	0.18565135936208352	budrio-half
2019-03-26	0.18591881731702298	budrio-half
2019-03-27	0.1875213703542804	budrio-half
2019-03-28	0.1891239233915378	budrio-half
2019-03-29	0.19072647642879523	budrio-half
2019-03-30	0.1922299233930087	budrio-half
2019-03-31	0.19318447518344053	budrio-half
2019-04-01	0.19405516798898906	budrio-half
2019-04-02	0.19492586079453758	budrio-half
2019-04-03	0.1957965536000861	budrio-half
2019-04-04	0.19666724640563463	budrio-half
2019-04-05	0.19753793921118315	budrio-half
2019-04-06	0.19840863201673167	budrio-half
2019-04-07	0.1992793248222802	budrio-half
2019-04-08	0.20015001762782872	budrio-half
2019-04-09	0.20102071043337724	budrio-half
2019-04-10	0.20189140323892577	budrio-half
2019-04-11	0.2027620960444743	budrio-half
2019-04-12	0.2036327888500228	budrio-half
2019-04-13	0.20450348165557133	budrio-half
2019-04-14	0.20537417446111986	budrio-half
2019-04-15	0.20624486726666838	budrio-half
2019-04-16	0.2071155600722169	budrio-half
2019-04-17	0.20798625287776543	budrio-half
2019-04-18	0.20885694568331395	budrio-half
2019-04-19	0.21175804809282264	budrio-half
2019-04-20	0.22794910427370688	budrio-half
2019-04-21	0.24653973544108954	budrio-half
2019-04-22	0.26513036660847217	budrio-half
2019-04-23	0.2837209977758548	budrio-half
2019-04-24	0.30231162894323743	budrio-half
2019-04-25	0.32090226011062	budrio-half
2019-04-26	0.33949289127800264	budrio-half
2019-04-27	0.35808352244538527	budrio-half
2019-04-28	0.37667415361276796	budrio-half
2019-04-29	0.39526478478015054	budrio-half
2019-04-30	0.41385541594753317	budrio-half
2019-05-01	0.4324460471149158	budrio-half
2019-05-02	0.4510366782822984	budrio-half
2019-05-03	0.469627309449681	budrio-half
2019-05-04	0.4882179406170637	budrio-half
2019-05-05	0.5068085717844463	budrio-half
2019-05-06	0.525399202951829	budrio-half
2019-05-07	0.5439898341192115	budrio-half
2019-05-08	0.5625804652865941	budrio-half
2019-05-09	0.580587096206109	budrio-half
2019-05-10	0.5947711800486711	budrio-half
2019-05-11	0.6082650817801168	budrio-half
2019-05-12	0.6217589835115626	budrio-half
2019-05-13	0.6352528852430083	budrio-half
2019-05-14	0.648746786974454	budrio-half
2019-05-15	0.6622406887058997	budrio-half
2019-05-16	0.6757345904373455	budrio-half
2019-05-17	0.6892284921687911	budrio-half
2019-05-18	0.7027223939002369	budrio-half
2019-05-19	0.7162162956316825	budrio-half
2019-05-20	0.7297101973631284	budrio-half
2019-05-21	0.743204099094574	budrio-half
2019-05-22	0.7566980008260198	budrio-half
2019-05-23	0.7701919025574654	budrio-half
2019-05-24	0.7820882921846696	budrio-half
2019-05-25	0.7835282389477461	budrio-half
2019-05-26	0.7830802168603554	budrio-half
2019-05-27	0.7826321947729645	budrio-half
2019-05-28	0.7821841726855738	budrio-half
2019-05-29	0.7817361505981831	budrio-half
2019-05-30	0.7812881285107923	budrio-half
2019-05-31	0.7808401064234016	budrio-half
2019-06-01	0.7803920843360107	budrio-half
2019-06-02	0.77994406224862	budrio-half
2019-06-03	0.7794844454886894	budrio-half
2019-06-04	0.77894893632668	budrio-half
2019-06-05	0.7783997243698509	budrio-half
2019-06-06	0.7778505124130216	budrio-half
2019-06-07	0.7773013004561924	budrio-half
2019-06-08	0.7767520884993632	budrio-half
2019-06-09	0.7762028765425341	budrio-half
2019-06-10	0.7756536645857048	budrio-half
2019-06-11	0.7751044526288755	budrio-half
2019-06-12	0.7745552406720463	budrio-half
2019-06-13	0.7721198073715921	budrio-half
2019-06-14	0.7573381980037742	budrio-half
2019-06-15	0.7403274179571268	budrio-half
2019-06-16	0.7233166379104793	budrio-half
2019-06-17	0.7063058578638318	budrio-half
2019-06-18	0.6906326447086232	budrio-half
2019-06-19	0.6837144148428318	budrio-half
2019-06-20	0.6783769458487408	budrio-half
2019-06-21	0.6730394768546497	budrio-half
2019-06-22	0.6677020078605587	budrio-half
2019-06-23	0.6592928854975515	budrio-half
2019-06-24	0.6307783956289122	budrio-half
2019-06-25	0.5986337699606448	budrio-half
2019-06-26	0.5664891442923774	budrio-half
2019-06-27	0.53434451862411	budrio-half
2019-06-28	0.5036889287586686	budrio-half
2019-06-29	0.4827797550571788	budrio-half
2019-06-30	0.463630350940847	budrio-half
2019-07-01	0.44448094682451517	budrio-half
2019-07-02	0.42533154270818335	budrio-half
2019-07-03	0.4040895455769369	budrio-half
2019-07-04	0.36915057598443085	budrio-half
2019-07-05	0.33173854191975294	budrio-half
2019-07-06	0.294326507855075	budrio-half
2019-07-07	0.2569144737903971	budrio-half
2019-07-08	0.222144069231937	budrio-half
2019-07-09	0.2046643305323568	budrio-half
2019-07-10	0.1903065176128522	budrio-half
2019-07-11	0.17594870469334759	budrio-half
2019-07-12	0.16159089177384295	budrio-half
2019-07-13	0.14841340644592962	budrio-half
2019-07-14	0.14296170171752284	budrio-half
2019-07-15	0.1389049295973603	budrio-half
2019-07-16	0.13484815747719783	budrio-half
2019-07-17	0.1307913853570353	budrio-half
2019-07-18	0.12673461323687277	budrio-half
2019-07-19	0.12267784111671026	budrio-half
2019-07-20	0.11862106899654774	budrio-half
2019-07-21	0.11456429687638524	budrio-half
2019-07-22	0.11050752475622272	budrio-half
2019-07-23	0.10709802981667195	budrio-half
2019-07-24	0.10792525824112538	budrio-half
2019-07-25	0.10951745060630182	budrio-half
2019-07-26	0.11110964297147824	budrio-half
2019-07-27	0.11270183533665466	budrio-half
2019-07-28	0.11429402770183107	budrio-half
2019-07-29	0.1158862200670075	budrio-half
2019-07-30	0.11747841243218393	budrio-half
2019-07-31	0.11907060479736035	budrio-half
2019-08-01	0.12066279716253676	budrio-half
2019-08-02	0.12225498952771319	budrio-half
2019-08-03	0.12384718189288961	budrio-half
2019-08-04	0.12543937425806603	budrio-half
2019-08-05	0.12703156662324247	budrio-half
2019-08-06	0.12862375898841888	budrio-half
2019-08-07	0.1302159513535953	budrio-half
2019-08-08	0.13180814371877173	budrio-half
2019-08-09	0.13340033608394813	budrio-half
2019-08-10	0.13499252844912454	budrio-half
2019-08-11	0.13658472081430098	budrio-half
2019-08-12	0.13817691317947742	budrio-half
2019-08-13	0.13976910554465383	budrio-half
2019-08-14	0.14136129790983024	budrio-half
2019-08-15	0.14295349027500667	budrio-half
2019-08-16	0.14454568264018308	budrio-half
2019-08-17	0.14760046348038888	budrio-half
2019-08-18	0.16022855070260514	budrio-half
2019-08-19	0.1745851515771288	budrio-half
2019-08-20	0.18894175245165248	budrio-half
2019-08-21	0.20329835332617618	budrio-half
2019-08-22	0.21422969198827926	budrio-half
2019-08-23	0.20274113253272044	budrio-half
2019-08-24	0.18720453591702824	budrio-half
2019-08-25	0.17166793930133598	budrio-half
2019-08-26	0.15613134268564374	budrio-half
2019-08-27	0.14223182924288813	budrio-half
2019-08-28	0.13904776929571752	budrio-half
2019-08-29	0.13779844400747202	budrio-half
2019-08-30	0.13654911871922648	budrio-half
2019-08-31	0.13529979343098095	budrio-half
2019-09-01	0.1342702559312556	budrio-half
2019-09-02	0.13467932941093497	budrio-half
2019-09-03	0.13534815209522907	budrio-half
2019-09-04	0.13601697477952318	budrio-half
2019-09-05	0.1366857974638173	budrio-half
2019-09-06	0.13735462014811137	budrio-half
2019-09-07	0.1380234428324055	budrio-half
2019-09-08	0.13869226551669958	budrio-half
2019-09-09	0.1393610882009937	budrio-half
2019-09-10	0.1400299108852878	budrio-half
2019-09-11	0.1404643818876514	budrio-half
2019-09-12	0.1393649146082879	budrio-half
2019-09-13	0.13798848625027926	budrio-half
2019-09-14	0.13661205789227063	budrio-half
2019-09-15	0.13523562953426202	budrio-half
2019-09-16	0.13433791203371315	budrio-half
2019-09-17	0.13657357469108283	budrio-half
2019-09-18	0.13937498654363226	budrio-half
2019-09-19	0.1421763983961817	budrio-half
2019-09-20	0.14497781024873116	budrio-half
2019-09-21	0.14688508199304276	budrio-half
2019-09-22	0.142939800301616	budrio-half
2019-09-23	0.13793780757318094	budrio-half
2019-09-24	0.13293581484474584	budrio-half
2019-09-25	0.12793382211631074	budrio-half
2019-09-26	0.12293182938787567	budrio-half
2019-09-27	0.11792983665944058	budrio-half
2019-09-28	0.11292784393100551	budrio-half
2019-09-29	0.10792585120257042	budrio-half
2019-09-30	0.10292385847413534	budrio-half
2019-10-01	0.09963440344966983	budrio-half
2019-10-02	0.10755428612391417	budrio-half
2019-10-03	0.11749807699375896	budrio-half
2019-10-04	0.1274418678636037	budrio-half
2019-10-05	0.13738565873344846	budrio-half
2019-10-06	0.14732944960329322	budrio-half
2019-10-07	0.15727324047313798	budrio-half
2019-10-08	0.16721703134298274	budrio-half
2019-10-09	0.1771608222128275	budrio-half
2019-10-10	0.18710461308267226	budrio-half
2019-10-11	0.19691104145249896	budrio-half
2019-10-12	0.2058183698222075	budrio-half
2019-10-13	0.21456336069189472	budrio-half
2019-10-14	0.2233083515615819	budrio-half
2019-10-15	0.23205334243126916	budrio-half
2019-10-16	0.23801438290662444	budrio-half
2019-10-17	0.22575320261907986	budrio-half
2019-10-18	0.21020189913823392	budrio-half
2019-10-19	0.194650595657388	budrio-half
2019-10-20	0.17909929217654208	budrio-half
2019-10-21	0.1659962491394948	budrio-half
2019-10-22	0.16891818355276586	budrio-half
2019-10-23	0.1747335166723444	budrio-half
2019-10-24	0.18054884979192296	budrio-half
2019-10-25	0.1863641829115015	budrio-half
2019-10-26	0.19146961833803508	budrio-half
2019-10-27	0.1919284506828198	budrio-half
2019-10-28	0.19154831302673314	budrio-half
2019-10-29	0.19116817537064648	budrio-half
2019-10-30	0.19078803771455988	budrio-half
2019-10-31	0.19040790005847322	budrio-half
2019-11-01	0.19002776240238659	budrio-half
2019-11-02	0.18964762474629995	budrio-half
2019-11-03	0.18926748709021332	budrio-half
2019-11-04	0.1888873494341267	budrio-half
2019-11-05	0.18850721177804006	budrio-half
2019-11-06	0.1881270741219534	budrio-half
2019-11-07	0.1877469364658668	budrio-half
2019-11-08	0.18736679880978013	budrio-half
2019-11-09	0.18698666115369347	budrio-half
2019-11-10	0.18674630110208168	budrio-half
2019-11-11	0.1872800939367919	budrio-half
2019-11-12	0.18793216012913463	budrio-half
2019-11-13	0.1885842263214774	budrio-half
2019-11-14	0.18923629251382013	budrio-half
2019-11-15	0.18988835870616286	budrio-half
2019-11-16	0.19054042489850564	budrio-half
2019-11-17	0.19119249109084838	budrio-half
2019-11-18	0.19184455728319114	budrio-half
2019-11-19	0.19249662347553387	budrio-half
2019-11-20	0.1931486896678766	budrio-half
2019-11-21	0.1938007558602194	budrio-half
2019-11-22	0.19445282205256212	budrio-half
2019-11-23	0.19510488824490488	budrio-half
2019-11-24	0.1957569544372476	budrio-half
2019-11-25	0.19640902062959034	budrio-half
2019-11-26	0.19706108682193313	budrio-half
2019-11-27	0.19771315301427586	budrio-half
2019-11-28	0.19836521920661862	budrio-half
2019-11-29	0.19901728539896135	budrio-half
2019-11-30	0.19966935159130408	budrio-half
2019-12-01	0.20032141778364687	budrio-half
2019-12-02	0.2009734839759896	budrio-half
2019-12-03	0.20162555016833236	budrio-half
2019-12-04	0.2022776163606751	budrio-half
2019-12-05	0.20292968255301783	budrio-half
2019-12-06	0.2035817487453606	budrio-half
2019-12-07	0.20423381493770335	budrio-half
2019-12-08	0.2048858811300461	budrio-half
2019-12-09	0.20553794732238884	budrio-half
2019-12-10	0.20672697476723945	budrio-half
2019-12-11	0.21088994145674902	budrio-half
2019-12-12	0.21550725997530373	budrio-half
2019-12-13	0.22012457849385844	budrio-half
2019-12-14	0.2247418970124131	budrio-half
2019-12-15	0.22916678516589836	budrio-half
2019-12-16	0.23252590514361435	budrio-half
2019-12-17	0.23572219942781	budrio-half
2019-12-18	0.2389184937120057	budrio-half
2019-12-19	0.24211478799620134	budrio-half
2019-12-20	0.245311082280397	budrio-half
2019-12-21	0.24850737656459268	budrio-half
2019-12-22	0.25170367084878836	budrio-half
2019-12-23	0.254899965132984	budrio-half
2019-12-24	0.2580962594171797	budrio-half
2019-12-25	0.26109939709165403	budrio-half
2019-12-26	0.2630327443122869	budrio-half
2019-12-27	0.264802651324694	budrio-half
2019-12-28	0.2665725583371011	budrio-half
2019-12-29	0.26834246534950823	budrio-half
2019-12-30	0.2701123723619154	budrio-half
2019-12-31	0.27188227937432247	budrio-half
2020-01-01	0.27365218638672956	budrio-half
2020-01-02	0.2754220933991367	budrio-half
2020-01-03	0.2771920004115438	budrio-half
2020-01-04	0.2771282846450495	budrio-half
2020-01-05	0.26690911964156294	budrio-half
2020-01-06	0.2551384276713137	budrio-half
2020-01-07	0.24336773570106437	budrio-half
2020-01-08	0.2315970437308151	budrio-half
2020-01-09	0.22129712833254025	budrio-half
2020-01-10	0.21914305240981638	budrio-half
2020-01-11	0.21823347974030163	budrio-half
2020-01-12	0.21732390707078694	budrio-half
2020-01-13	0.2164143344012722	budrio-half
2020-01-14	0.21550476173175748	budrio-half
2020-01-15	0.21459518906224273	budrio-half
2020-01-16	0.213685616392728	budrio-half
2020-01-17	0.21277604372321327	budrio-half
2020-01-18	0.21186647105369857	budrio-half
2020-01-19	0.21095689838418386	budrio-half
2020-01-20	0.2100473257146691	budrio-half
2020-01-21	0.2091377530451544	budrio-half
2020-01-22	0.20822818037563964	budrio-half
2020-01-23	0.20731860770612495	budrio-half
2020-01-24	0.20816266759182453	budrio-half
2020-01-25	0.2187191539371727	budrio-half
2020-01-26	0.2307594832138561	budrio-half
2020-01-27	0.2427998124905395	budrio-half
2020-01-28	0.25484014176722286	budrio-half
2020-01-29	0.2645302292252701	budrio-half
2020-01-30	0.2612035927647169	budrio-half
2020-01-31	0.2558882901499331	budrio-half
2020-02-01	0.2505729875351493	budrio-half
2020-02-02	0.24525768492036548	budrio-half
2020-02-03	0.23994238230558165	budrio-half
2020-02-04	0.23462707969079788	budrio-half
2020-02-05	0.22931177707601405	budrio-half
2020-02-06	0.22399647446123028	budrio-half
2020-02-07	0.21868117184644645	budrio-half
2020-02-08	0.21360168633983526	budrio-half
2020-02-09	0.20982826481694936	budrio-half
2020-02-10	0.20625438084713257	budrio-half
2020-02-11	0.2026804968773158	budrio-half
2020-02-12	0.19910661290749898	budrio-half
2020-02-13	0.1963286505639893	budrio-half
2020-02-14	0.1979588695354112	budrio-half
2020-02-15	0.20026256065216985	budrio-half
2020-02-16	0.2025662517689285	budrio-half
2020-02-17	0.2048699428856872	budrio-half
2020-02-18	0.20717363400244584	budrio-half
2020-02-19	0.2094773251192045	budrio-half
2020-02-20	0.2117810162359632	budrio-half
2020-02-21	0.21408470735272186	budrio-half
2020-02-22	0.21638839846948052	budrio-half
2020-02-23	0.2186920895862392	budrio-half
2020-02-24	0.22099578070299786	budrio-half
2020-02-25	0.2232994718197565	budrio-half
2020-02-26	0.22560316293651517	budrio-half
2020-02-27	0.22790685405327385	budrio-half
2020-02-28	0.22991494506768617	budrio-half
2020-02-29	0.2302858662844879	budrio-half
2020-03-01	0.23040666433776583	budrio-half
2020-03-02	0.23052746239104374	budrio-half
2020-03-03	0.23064826044432166	budrio-half
2020-03-04	0.23025569405873272	budrio-half
2020-03-05	0.22701987847326588	budrio-half
2020-03-06	0.22334967759337324	budrio-half
2020-03-07	0.21967947671348062	budrio-half
2020-03-08	0.21600927583358795	budrio-half
2020-03-09	0.2123390749536953	budrio-half
2020-03-10	0.20866887407380266	budrio-half
2020-03-11	0.20499867319391005	budrio-half
2020-03-12	0.2013284723140174	budrio-half
2020-03-13	0.19765827143412476	budrio-half
2020-03-14	0.1939880705542321	budrio-half
2020-03-15	0.19031786967433947	budrio-half
2020-03-16	0.18664766879444683	budrio-half
2020-03-17	0.1829774679145542	budrio-half
2020-03-18	0.17930726703466152	budrio-half
2020-03-19	0.1796959903293205	budrio-half
2020-03-20	0.2025649090522651	budrio-half
2020-03-21	0.22886830207675338	budrio-half
2020-03-22	0.25517169510124166	budrio-half
2020-03-23	0.2814750881257299	budrio-half
2020-03-24	0.30158179239837857	budrio-half
2020-03-25	0.28736837435314616	budrio-half
2020-03-26	0.26791160428712646	budrio-half
2020-03-27	0.2484548342211067	budrio-half
2020-03-28	0.22899806415508697	budrio-half
2020-03-29	0.21130908997878264	budrio-half
2020-03-30	0.20519114344425196	budrio-half
2020-03-31	0.20116241023393044	budrio-half
2020-04-01	0.19713367702360893	budrio-half
2020-04-02	0.19310494381328738	budrio-half
2020-04-03	0.18867739876621525	budrio-half
2020-04-04	0.181639448969503	budrio-half
2020-04-05	0.17413017609299453	budrio-half
2020-04-06	0.16662090321648607	budrio-half
2020-04-07	0.15911163033997763	budrio-half
2020-04-08	0.15269494702456451	budrio-half
2020-04-09	0.15342975901813902	budrio-half
2020-04-10	0.1554558132202807	budrio-half
2020-04-11	0.1574818674224224	budrio-half
2020-04-12	0.15950792162456412	budrio-half
2020-04-13	0.1615339758267058	budrio-half
2020-04-14	0.16356003002884753	budrio-half
2020-04-15	0.16558608423098922	budrio-half
2020-04-16	0.16761213843313094	budrio-half
2020-04-17	0.1696381926352726	budrio-half
2020-04-18	0.17166424683741432	budrio-half
2020-04-19	0.17369030103955604	budrio-half
2020-04-20	0.17571635524169774	budrio-half
2020-04-21	0.17774240944383946	budrio-half
2020-04-22	0.17976846364598112	budrio-half
2020-04-23	0.18170368411743287	budrio-half
2020-04-24	0.1830443565334592	budrio-half
2020-04-25	0.18427767999503383	budrio-half
2020-04-26	0.1855110034566084	budrio-half
2020-04-27	0.18674432691818296	budrio-half
2020-04-28	0.18797765037975753	budrio-half
2020-04-29	0.18921097384133212	budrio-half
2020-04-30	0.19044429730290668	budrio-half
2020-05-01	0.19167762076448125	budrio-half
2020-05-02	0.1929109442260558	budrio-half
2020-05-03	0.1941442676876304	budrio-half
2020-05-04	0.19537759114920497	budrio-half
2020-05-05	0.19661091461077954	budrio-half
2020-05-06	0.1978442380723541	budrio-half
2020-05-07	0.19907756153392872	budrio-half
2020-05-08	0.20158822234190285	budrio-half
2020-05-09	0.21245963668994697	budrio-half
2020-05-10	0.2248406315382815	budrio-half
2020-05-11	0.237221626386616	budrio-half
2020-05-12	0.24960262123495056	budrio-half
2020-05-13	0.2619836160832851	budrio-half
2020-05-14	0.27436461093161957	budrio-half
2020-05-15	0.2867456057799541	budrio-half
2020-05-16	0.2991266006282886	budrio-half
2020-05-17	0.31150759547662316	budrio-half
2020-05-18	0.3238885903249577	budrio-half
2020-05-19	0.3362695851732922	budrio-half
2020-05-20	0.3486505800216267	budrio-half
2020-05-21	0.3610315748699613	budrio-half
2020-05-22	0.3734125697182958	budrio-half
2020-05-23	0.38739513175429924	budrio-half
2020-05-24	0.411860679018681	budrio-half
2020-05-25	0.43821898750485344	budrio-half
2020-05-26	0.4645772959910259	budrio-half
2020-05-27	0.49093560447719825	budrio-half
2020-05-28	0.5172939129633706	budrio-half
2020-05-29	0.5436522214495431	budrio-half
2020-05-30	0.5700105299357153	budrio-half
2020-05-31	0.5963688384218878	budrio-half
2020-06-01	0.6227271469080602	budrio-half
2020-06-02	0.6464867924669313	budrio-half
2020-06-03	0.653237007956194	budrio-half
2020-06-04	0.6569160763495553	budrio-half
2020-06-05	0.6605951447429165	budrio-half
2020-06-06	0.6642742131362777	budrio-half
2020-06-07	0.6709889599761903	budrio-half
2020-06-08	0.6975736021026212	budrio-half
2020-06-09	0.7277458642113399	budrio-half
2020-06-10	0.7579181263200586	budrio-half
2020-06-11	0.7880903884287775	budrio-half
2020-06-12	0.8147603766681918	budrio-half
2020-06-13	0.8185063904903404	budrio-half
2020-06-14	0.8181133533760384	budrio-half
2020-06-15	0.8177203162617362	budrio-half
2020-06-16	0.8173272791474342	budrio-half
2020-06-17	0.817294727828056	budrio-half
2020-06-18	0.8196217198936346	budrio-half
2020-06-19	0.8223747406259415	budrio-half
2020-06-20	0.8251277613582485	budrio-half
2020-06-21	0.8278807820905554	budrio-half
2020-06-22	0.830438897918855	budrio-half
2020-06-23	0.8317212725572887	budrio-half
2020-06-24	0.832773305036441	budrio-half
2020-06-25	0.8338253375155933	budrio-half
2020-06-26	0.8348773699947457	budrio-half
2020-06-27	0.8345817079076586	budrio-half
2020-06-28	0.8254647722960948	budrio-half
2020-06-29	0.8147551067426119	budrio-half
2020-06-30	0.8040454411891287	budrio-half
2020-07-01	0.7933357756356457	budrio-half
2020-07-02	0.7779207431902204	budrio-half
2020-07-03	0.7317069456339013	budrio-half
2020-07-04	0.6799322599325596	budrio-half
2020-07-05	0.6281575742312179	budrio-half
2020-07-06	0.5763828885298762	budrio-half
2020-07-07	0.5246082028285344	budrio-half
2020-07-08	0.4728335171271927	budrio-half
2020-07-09	0.421058831425851	budrio-half
2020-07-10	0.36928414572450924	budrio-half
2020-07-11	0.31750946002316754	budrio-half
2020-07-12	0.26573477432182585	budrio-half
2020-07-13	0.2139600886204841	budrio-half
2020-07-14	0.16218540291914238	budrio-half
2020-07-15	0.11041071721780067	budrio-half
2020-07-16	0.058636031516458964	budrio-half
2020-07-17	0.02938144887507319	budrio-half
2020-07-18	0.147531177171581	budrio-half
2020-07-19	0.29229557272076406	budrio-half
2020-07-20	0.43705996826994714	budrio-half
2020-07-21	0.5818243638191302	budrio-half
2020-07-22	0.7123374895178619	budrio-half
2020-07-23	0.7495695761954572	budrio-half
2020-07-24	0.7699592530497915	budrio-half
2020-07-25	0.790348929904126	budrio-half
2020-07-26	0.8107386067584605	budrio-half
2020-07-27	0.8268460357952936	budrio-half
2020-07-28	0.8149242063902992	budrio-half
2020-07-29	0.7979415386555305	budrio-half
2020-07-30	0.7809588709207617	budrio-half
2020-07-31	0.7639762031859929	budrio-half
2020-08-01	0.7510412026615884	budrio-half
2020-08-02	0.7646000238777506	budrio-half
2020-08-03	0.7829424517970707	budrio-half
2020-08-04	0.8012848797163907	budrio-half
2020-08-05	0.8196273076357108	budrio-half
2020-08-06	0.8339250616845734	budrio-half
2020-08-07	0.8217485867631692	budrio-half
2020-08-08	0.8047920427221333	budrio-half
2020-08-09	0.7878354986810976	budrio-half
2020-08-10	0.7708789546400618	budrio-half
2020-08-11	0.74971787354459	budrio-half
2020-08-12	0.7010361862746283	budrio-half
2020-08-13	0.6473855006676056	budrio-half
2020-08-14	0.5937348150605831	budrio-half
2020-08-15	0.5400841294535605	budrio-half
2020-08-16	0.4989054239955923	budrio-half
2020-08-17	0.5393614976950706	budrio-half
2020-08-18	0.5945571842979768	budrio-half
2020-08-19	0.6497528709008829	budrio-half
2020-08-20	0.7049485575037889	budrio-half
2020-08-21	0.7518595945887654	budrio-half
2020-08-22	0.7445438348291104	budrio-half
2020-08-23	0.7274371256391746	budrio-half
2020-08-24	0.7103304164492389	budrio-half
2020-08-25	0.6932237072593032	budrio-half
2020-08-26	0.6761169980693674	budrio-half
2020-08-27	0.6590102888794317	budrio-half
2020-08-28	0.641903579689496	budrio-half
2020-08-29	0.6247968704995602	budrio-half
2020-08-30	0.6076901613096245	budrio-half
2020-08-31	0.5905834521196888	budrio-half
2020-09-01	0.573476742929753	budrio-half
2020-09-02	0.5563700337398173	budrio-half
2020-09-03	0.5392633245498817	budrio-half
2020-09-04	0.522156615359946	budrio-half
2020-09-05	0.4972530391587732	budrio-half
2020-09-06	0.4213154243385946	budrio-half
2020-09-07	0.3361633303233178	budrio-half
2020-09-08	0.25101123630804095	budrio-half
2020-09-09	0.16585914229276408	budrio-half
2020-09-10	0.09119151057265096	budrio-half
2020-09-11	0.08514945023906395	budrio-half
2020-09-12	0.09149811807248864	budrio-half
2020-09-13	0.09784678590591332	budrio-half
2020-09-14	0.10419545373933799	budrio-half
2020-09-15	0.10855904328630477	budrio-half
2020-09-16	0.09992939314009248	budrio-half
2020-09-17	0.08895374138261179	budrio-half
2020-09-18	0.07797808962513107	budrio-half
2020-09-19	0.06700243786765037	budrio-half
2020-09-20	0.05888986977321436	budrio-half
2020-09-21	0.06951748565507088	budrio-half
2020-09-22	0.0835287458659802	budrio-half
2020-09-23	0.09754000607688956	budrio-half
2020-09-24	0.11155126628779889	budrio-half
2020-09-25	0.12392333227296749	budrio-half
2020-09-26	0.12556612696237843	budrio-half
2020-09-27	0.12527169211227757	budrio-half
2020-09-28	0.12497725726217672	budrio-half
2020-09-29	0.12468282241207586	budrio-half
2020-09-30	0.12441102026595706	budrio-half
2020-10-01	0.12428735945499347	budrio-half
2020-10-02	0.12419044638509959	budrio-half
2020-10-03	0.12409353331520571	budrio-half
2020-10-04	0.12399662024531183	budrio-half
2020-10-05	0.12389970717541794	budrio-half
2020-10-06	0.12380279410552407	budrio-half
2020-10-07	0.12370588103563018	budrio-half
2020-10-08	0.1236089679657363	budrio-half
2020-10-09	0.12351205489584242	budrio-half
2020-10-10	0.12351444477614322	budrio-half
2020-10-11	0.12416681760317289	budrio-half
2020-10-12	0.12493654846225083	budrio-half
2020-10-13	0.12570627932132875	budrio-half
2020-10-14	0.1264760101804067	budrio-half
2020-10-15	0.12724574103948463	budrio-half
2020-10-16	0.12801547189856255	budrio-half
2020-10-17	0.12878520275764047	budrio-half
2020-10-18	0.1295549336167184	budrio-half
2020-10-19	0.13032466447579635	budrio-half
2020-10-20	0.13055047068573342	budrio-half
2020-10-21	0.12721604282856672	budrio-half
2020-10-22	0.12323879493150625	budrio-half
2020-10-23	0.11926154703444579	budrio-half
2020-10-24	0.11528429913738532	budrio-half
2020-10-25	0.11208239233000981	budrio-half
2020-10-26	0.11317468232704318	budrio-half
2020-10-27	0.11492303016919457	budrio-half
2020-10-28	0.11667137801134597	budrio-half
2020-10-29	0.11841972585349737	budrio-half
2020-10-30	0.12016807369564876	budrio-half
2020-10-31	0.12191642153780018	budrio-half
2020-11-01	0.12366476937995156	budrio-half
2020-11-02	0.12541311722210297	budrio-half
2020-11-03	0.12716146506425438	budrio-half
2020-11-04	0.12890981290640577	budrio-half
2020-11-05	0.13065816074855716	budrio-half
2020-11-06	0.13240650859070854	budrio-half
2020-11-07	0.13415485643285996	budrio-half
2020-11-08	0.13590320427501137	budrio-half
2020-11-09	0.13767812104553204	budrio-half
2020-11-10	0.13960018880394412	budrio-half
2020-11-11	0.141544737963284	budrio-half
2020-11-12	0.14348928712262396	budrio-half
2020-11-13	0.14543383628196385	budrio-half
2020-11-14	0.1473783854413038	budrio-half
2020-11-15	0.1493229346006437	budrio-half
2020-11-16	0.15126748375998364	budrio-half
2020-11-17	0.15321203291932353	budrio-half
2020-11-18	0.15515658207866348	budrio-half
2020-11-19	0.15654598799666633	budrio-half
2020-11-20	0.15486075442418704	budrio-half
2020-11-21	0.15270578426288406	budrio-half
2020-11-22	0.15055081410158108	budrio-half
2020-11-23	0.14839584394027813	budrio-half
2020-11-24	0.14698079154669944	budrio-half
2020-11-25	0.14966374525128603	budrio-half
2020-11-26	0.15297278322087013	budrio-half
2020-11-27	0.1562818211904542	budrio-half
2020-11-28	0.15959085916003826	budrio-half
2020-11-29	0.16289989712962233	budrio-half
2020-11-30	0.1662089350992064	budrio-half
2020-12-01	0.16951797306879046	budrio-half
2020-12-02	0.17282701103837453	budrio-half
2020-12-03	0.17613604900795862	budrio-half
2020-12-04	0.1794450869775427	budrio-half
2020-12-05	0.18275412494712676	budrio-half
2020-12-06	0.18606316291671085	budrio-half
2020-12-07	0.18937220088629492	budrio-half
2020-12-08	0.19268123885587898	budrio-half
2020-12-09	0.19599027682546308	budrio-half
2020-12-10	0.19929931479504714	budrio-half
2020-12-11	0.20260835276463118	budrio-half
2020-12-12	0.20591739073421525	budrio-half
2020-12-13	0.20922642870379934	budrio-half
2020-12-14	0.2125354666733834	budrio-half
2020-12-15	0.21584450464296748	budrio-half
2020-12-16	0.21915354261255157	budrio-half
2020-12-17	0.22246258058213564	budrio-half
2020-12-18	0.2257716185517197	budrio-half
2020-12-19	0.2290806565213038	budrio-half
2020-12-20	0.23238969449088787	budrio-half
2020-12-21	0.2356987324604719	budrio-half
2020-12-22	0.23900777043005597	budrio-half
2020-12-23	0.24231680839964007	budrio-half
2020-12-24	0.24562584636922413	budrio-half
2020-12-25	0.2489348843388082	budrio-half
2020-12-26	0.25224392230839227	budrio-half
2020-12-27	0.25555296027797636	budrio-half
2020-12-28	0.25886199824756045	budrio-half
2020-12-29	0.26033250408173675	budrio-half
2020-12-30	0.2516203703967317	budrio-half
2020-12-31	0.24135255567407396	budrio-half
2021-01-01	0.23108474095141618	budrio-half
2021-01-02	0.2208169262287584	budrio-half
2021-01-03	0.2122158976710723	budrio-half
2021-01-04	0.21284630018092146	budrio-half
2021-01-05	0.21488706021497742	budrio-half
2021-01-06	0.21692782024903337	budrio-half
2021-01-07	0.21896858028308933	budrio-half
2021-01-08	0.22100934031714534	budrio-half
2021-01-09	0.2230501003512013	budrio-half
2021-01-10	0.22509086038525725	budrio-half
2021-01-11	0.2271316204193132	budrio-half
2021-01-12	0.22917238045336916	budrio-half
2021-01-13	0.22951780013253542	budrio-half
2021-01-14	0.2204736424615434	budrio-half
2021-01-15	0.2099949660287216	budrio-half
2021-01-16	0.19951628959589987	budrio-half
2021-01-17	0.1890376131630781	budrio-half
2021-01-18	0.18001611150388067	budrio-half
2021-01-19	0.17906511628321797	budrio-half
2021-01-20	0.17934711510177584	budrio-half
2021-01-21	0.17962911392033373	budrio-half
2021-01-22	0.1799111127388916	budrio-half
2021-01-23	0.18019311155744946	budrio-half
2021-01-24	0.18047511037600736	budrio-half
2021-01-25	0.18075710919456522	budrio-half
2021-01-26	0.1810391080131231	budrio-half
2021-01-27	0.18132110683168098	budrio-half
2021-01-28	0.18160310565023885	budrio-half
2021-01-29	0.18188510446879672	budrio-half
2021-01-30	0.1821671032873546	budrio-half
2021-01-31	0.18244910210591248	budrio-half
2021-02-01	0.18273110092447034	budrio-half
2021-02-02	0.18301309974302826	budrio-half
2021-02-03	0.18329509856158613	budrio-half
2021-02-04	0.18357709738014402	budrio-half
2021-02-05	0.1838590961987019	budrio-half
2021-02-06	0.18414109501725975	budrio-half
2021-02-07	0.18442309383581765	budrio-half
2021-02-08	0.1847050926543755	budrio-half
2021-02-09	0.18498709147293338	budrio-half
2021-02-10	0.18526909029149127	budrio-half
2021-02-11	0.18555108911004914	budrio-half
2021-02-12	0.185833087928607	budrio-half
2021-02-13	0.1861150867471649	budrio-half
2021-02-14	0.18639708556572276	budrio-half
2021-02-15	0.18667908438428063	budrio-half
2021-02-16	0.18696108320283855	budrio-half
2021-02-17	0.18724308202139642	budrio-half
2021-02-18	0.1875250808399543	budrio-half
2021-02-19	0.18780707965851218	budrio-half
2021-02-20	0.18808907847707004	budrio-half
2021-02-21	0.18837107729562794	budrio-half
2021-02-22	0.1886530761141858	budrio-half
2021-02-23	0.18893507493274367	budrio-half
2021-02-24	0.18921707375130156	budrio-half
2021-02-25	0.18949907256985943	budrio-half
2021-02-26	0.1897810713884173	budrio-half
2021-02-27	0.18960541941146933	budrio-half
2021-02-28	0.18689508610556568	budrio-half
2021-03-01	0.18379750981884937	budrio-half
2021-03-02	0.1806999335321331	budrio-half
2021-03-03	0.17760235724541681	budrio-half
2021-03-04	0.17555780877860294	budrio-half
2021-03-05	0.1793454143912486	budrio-half
2021-03-06	0.18402404354381166	budrio-half
2021-03-07	0.18870267269637472	budrio-half
2021-03-08	0.1933813018489378	budrio-half
2021-03-09	0.19737846657101887	budrio-half
2021-03-10	0.19760136675504583	budrio-half
2021-03-11	0.19724764319020346	budrio-half
2021-03-12	0.19689391962536104	budrio-half
2021-03-13	0.19654019606051865	budrio-half
2021-03-14	0.19618647249567622	budrio-half
2021-03-15	0.19583274893083383	budrio-half
2021-03-16	0.1954790253659914	budrio-half
2021-03-17	0.19512530180114904	budrio-half
2021-03-18	0.19477157823630661	budrio-half
2021-03-19	0.19359342701725243	budrio-half
2021-03-20	0.1878492149441022	budrio-half
2021-03-21	0.1814074102404651	budrio-half
2021-03-22	0.17496560553682797	budrio-half
2021-03-23	0.16852380083319085	budrio-half
2021-03-24	0.16312977444164922	budrio-half
2021-03-25	0.16353882793248245	budrio-half
2021-03-26	0.16483446307201183	budrio-half
2021-03-27	0.1661300982115412	budrio-half
2021-03-28	0.16742573335107058	budrio-half
2021-03-29	0.16853140063701955	budrio-half
2021-03-30	0.16839364197226023	budrio-half
2021-03-31	0.16803137584417857	budrio-half
2021-04-01	0.16766910971609694	budrio-half
2021-04-02	0.16730684358801529	budrio-half
2021-04-03	0.16694457745993363	budrio-half
2021-04-04	0.166582311331852	budrio-half
2021-04-05	0.16622004520377034	budrio-half
2021-04-06	0.1658577790756887	budrio-half
2021-04-07	0.16549551294760703	budrio-half
2021-04-08	0.1649411420645637	budrio-half
2021-04-09	0.16312935823995284	budrio-half
2021-04-10	0.16109054152311453	budrio-half
2021-04-11	0.15905172480627622	budrio-half
2021-04-12	0.1570129080894379	budrio-half
2021-04-13	0.1549740913725996	budrio-half
2021-04-14	0.1529352746557613	budrio-half
2021-04-15	0.15089645793892298	budrio-half
2021-04-16	0.14885764122208467	budrio-half
2021-04-17	0.14681882450524636	budrio-half
2021-04-18	0.14512484522575173	budrio-half
2021-04-19	0.14568798371796116	budrio-half
2021-04-20	0.14665865736339492	budrio-half
2021-04-21	0.14762933100882872	budrio-half
2021-04-22	0.14860000465426249	budrio-half
2021-04-23	0.1496741972832045	budrio-half
2021-04-24	0.15142596871329136	budrio-half
2021-04-25	0.15330008076025164	budrio-half
2021-04-26	0.15517419280721192	budrio-half
2021-04-27	0.15704830485417218	budrio-half
2021-04-28	0.15892241690113243	budrio-half
2021-04-29	0.16079652894809268	budrio-half
2021-04-30	0.16267064099505296	budrio-half
2021-05-01	0.16454475304201324	budrio-half
2021-05-02	0.1664188650889735	budrio-half
2021-05-03	0.16805824258567217	budrio-half
2021-05-04	0.168161175753386	budrio-half
2021-05-05	0.16798669536169977	budrio-half
2021-05-06	0.16781221497001356	budrio-half
2021-05-07	0.1676377345783274	budrio-half
2021-05-08	0.16746325418664118	budrio-half
2021-05-09	0.16728877379495496	budrio-half
2021-05-10	0.16711429340326875	budrio-half
2021-05-11	0.16693981301158253	budrio-half
2021-05-12	0.16676533261989632	budrio-half
2021-05-13	0.1665908522282101	budrio-half
2021-05-14	0.16641637183652389	budrio-half
2021-05-15	0.16624189144483767	budrio-half
2021-05-16	0.16606741105315145	budrio-half
2021-05-17	0.16589293066146524	budrio-half
2021-05-18	0.16520307671230403	budrio-half
2021-05-19	0.16113986856876092	budrio-half
2021-05-20	0.15646758258456553	budrio-half
2021-05-21	0.15179529660037017	budrio-half
2021-05-22	0.14712301061617478	budrio-half
2021-05-23	0.14437732501714534	budrio-half
2021-05-24	0.15424211466647492	budrio-half
2021-05-25	0.16638379568009154	budrio-half
2021-05-26	0.17852547669370813	budrio-half
2021-05-27	0.19066715770732479	budrio-half
2021-05-28	0.20171912752667867	budrio-half
2021-05-29	0.2056384422563132	budrio-half
2021-05-30	0.2082699164836372	budrio-half
2021-05-31	0.21090139071096123	budrio-half
2021-06-01	0.21353286493828524	budrio-half
2021-06-02	0.21904420241124667	budrio-half
2021-06-03	0.2434055538556533	budrio-half
2021-06-04	0.2711703800449041	budrio-half
2021-06-05	0.298935206234155	budrio-half
2021-06-06	0.3267000324234058	budrio-half
2021-06-07	0.3521592252658643	budrio-half
2021-06-08	0.362526999838409	budrio-half
2021-06-09	0.37016993500110823	budrio-half
2021-06-10	0.3778128701638073	budrio-half
2021-06-11	0.38545580532650653	budrio-half
2021-06-12	0.3915076865909435	budrio-half
2021-06-13	0.3871453968849363	budrio-half
2021-06-14	0.3809027707537102	budrio-half
2021-06-15	0.374660144622484	budrio-half
2021-06-16	0.36841751849125787	budrio-half
2021-06-17	0.3632643175824494	budrio-half
2021-06-18	0.3652418999476481	budrio-half
2021-06-19	0.3685069848484315	budrio-half
2021-06-20	0.37177206974921484	budrio-half
2021-06-21	0.3750371546499982	budrio-half
2021-06-22	0.37841259207211464	budrio-half
2021-06-23	0.3825103369065937	budrio-half
2021-06-24	0.38673849835719376	budrio-half
2021-06-25	0.3909666598077937	budrio-half
2021-06-26	0.3951948212583938	budrio-half
2021-06-27	0.3999266698340042	budrio-half
2021-06-28	0.40795537959150097	budrio-half
2021-06-29	0.41657935595128265	budrio-half
2021-06-30	0.4252033323110644	budrio-half
2021-07-01	0.4338273086708461	budrio-half
2021-07-02	0.4400245764477053	budrio-half
2021-07-03	0.4303379334999807	budrio-half
2021-07-04	0.417783362226984	budrio-half
2021-07-05	0.4052287909539873	budrio-half
2021-07-06	0.39267421968099053	budrio-half
2021-07-07	0.38166121288661164	budrio-half
2021-07-08	0.3807384463159131	budrio-half
2021-07-09	0.3816375286744902	budrio-half
2021-07-10	0.38253661103306724	budrio-half
2021-07-11	0.3834356933916443	budrio-half
2021-07-12	0.3842527815461689	budrio-half
2021-07-13	0.3845331803650767	budrio-half
2021-07-14	0.38471667694283157	budrio-half
2021-07-15	0.3849001735205864	budrio-half
2021-07-16	0.3850836700983413	budrio-half
2021-07-17	0.3852671666760961	budrio-half
2021-07-18	0.385450663253851	budrio-half
2021-07-19	0.3856341598316059	budrio-half
2021-07-20	0.3858176564093607	budrio-half
2021-07-21	0.3860011529871156	budrio-half
2021-07-22	0.3853174170217179	budrio-half
2021-07-23	0.37895724986477636	budrio-half
2021-07-24	0.3715721715204727	budrio-half
2021-07-25	0.3641870931761691	budrio-half
2021-07-26	0.3568020148318655	budrio-half
2021-07-27	0.34941693648756184	budrio-half
2021-07-28	0.3420318581432582	budrio-half
2021-07-29	0.3346467797989546	budrio-half
2021-07-30	0.327261701454651	budrio-half
2021-07-31	0.3198766231103473	budrio-half
2021-08-01	0.31210352713349127	budrio-half
2021-08-02	0.30179067937992865	budrio-half
2021-08-03	0.2910192653333495	budrio-half
2021-08-04	0.2802478512867704	budrio-half
2021-08-05	0.26947643724019127	budrio-half
2021-08-06	0.259279591416472	budrio-half
2021-08-07	0.25284355577874446	budrio-half
2021-08-08	0.24708655531348767	budrio-half
2021-08-09	0.2413295548482309	budrio-half
2021-08-10	0.23557255438297411	budrio-half
2021-08-11	0.23030500177359503	budrio-half
2021-08-12	0.2282411078572334	budrio-half
2021-08-13	0.22675565231599992	budrio-half
2021-08-14	0.22527019677476645	budrio-half
2021-08-15	0.22378474123353298	budrio-half
2021-08-16	0.2225481695938667	budrio-half
2021-08-17	0.2229406562190037	budrio-half
2021-08-18	0.2236272783641746	budrio-half
2021-08-19	0.2243139005093455	budrio-half
2021-08-20	0.2250005226545164	budrio-half
2021-08-21	0.22500617168758463	budrio-half
2021-08-22	0.2205545421687081	budrio-half
2021-08-23	0.2152981262446193	budrio-half
2021-08-24	0.21004171032053054	budrio-half
2021-08-25	0.20478529439644175	budrio-half
2021-08-26	0.19966796168618042	budrio-half
2021-08-27	0.1954609918300625	budrio-half
2021-08-28	0.19141839304483152	budrio-half
2021-08-29	0.18737579425960058	budrio-half
2021-08-30	0.18333319547436958	budrio-half
2021-08-31	0.17952430437349617	budrio-half
2021-09-01	0.17724513629750827	budrio-half
2021-09-02	0.1752421682121247	budrio-half
2021-09-03	0.1732392001267412	budrio-half
2021-09-04	0.17123623204135766	budrio-half
2021-09-05	0.16953476597675207	budrio-half
2021-09-06	0.1698067676845113	budrio-half
2021-09-07	0.17043508996228085	budrio-half
2021-09-08	0.1710634122400504	budrio-half
2021-09-09	0.1716917345178199	budrio-half
2021-09-10	0.1716213081124085	budrio-half
2021-09-11	0.16697725396254004	budrio-half
2021-09-12	0.1615074059143668	budrio-half
2021-09-13	0.15603755786619358	budrio-half
2021-09-14	0.15056770981802034	budrio-half
2021-09-15	0.1450978617698471	budrio-half
2021-09-16	0.13962801372167388	budrio-half
2021-09-17	0.13415816567350064	budrio-half
2021-09-18	0.12868831762532743	budrio-half
2021-09-19	0.12321846957715417	budrio-half
2021-09-20	0.11848402197990639	budrio-half
2021-09-21	0.11856310460689778	budrio-half
2021-09-22	0.11951129685771013	budrio-half
2021-09-23	0.1204594891085225	budrio-half
2021-09-24	0.12140768135933487	budrio-half
2021-09-25	0.12235587361014721	budrio-half
2021-09-26	0.12330406586095959	budrio-half
2021-09-27	0.12425225811177193	budrio-half
2021-09-28	0.1252004503625843	budrio-half
2021-09-29	0.12614864261339667	budrio-half
2021-09-30	0.12717487695179347	budrio-half
2021-10-01	0.12871193222710672	budrio-half
2021-10-02	0.13034121906047436	budrio-half
2021-10-03	0.13197050589384196	budrio-half
2021-10-04	0.1335997927272096	budrio-half
2021-10-05	0.1352290795605772	budrio-half
2021-10-06	0.1368583663939448	budrio-half
2021-10-07	0.13848765322731243	budrio-half
2021-10-08	0.14011694006068004	budrio-half
2021-10-09	0.14174622689404767	budrio-half
2021-10-10	0.14337551372741528	budrio-half
2021-10-11	0.14500480056078288	budrio-half
2021-10-12	0.14663408739415051	budrio-half
2021-10-13	0.14826337422751812	budrio-half
2021-10-14	0.14989266106088575	budrio-half
2021-10-15	0.15111625356430722	budrio-half
2021-10-16	0.14968439227171768	budrio-half
2021-10-17	0.14777307404373727	budrio-half
2021-10-18	0.14586175581575683	budrio-half
2021-10-19	0.1439504375877764	budrio-half
2021-10-20	0.14229181483301648	budrio-half
2021-10-21	0.1422871988120633	budrio-half
2021-10-22	0.14258122289582528	budrio-half
2021-10-23	0.14287524697958723	budrio-half
2021-10-24	0.14316927106334917	budrio-half
2021-10-25	0.14346329514711115	budrio-half
2021-10-26	0.14375731923087312	budrio-half
2021-10-27	0.14405134331463507	budrio-half
2021-10-28	0.144345367398397	budrio-half
2021-10-29	0.14463939148215899	budrio-half
2021-10-30	0.14843199876383262	budrio-half
2021-10-31	0.17512442334092815	budrio-half
2021-11-01	0.2059515371519193	budrio-half
2021-11-02	0.23677865096291043	budrio-half
2021-11-03	0.2676057647739016	budrio-half
2021-11-04	0.29654140644837057	budrio-half
2021-11-05	0.31500120244363994	budrio-half
2021-11-06	0.3318605220156983	budrio-half
2021-11-07	0.3487198415877566	budrio-half
2021-11-08	0.3655791611598149	budrio-half
2021-11-09	0.3824384807318733	budrio-half
2021-11-10	0.39929780030393164	budrio-half
2021-11-11	0.41615711987598997	budrio-half
2021-11-12	0.4330164394480483	budrio-half
2021-11-13	0.4498757590201066	budrio-half
2021-11-14	0.46673507859216495	budrio-half
2021-11-15	0.4835943981642233	budrio-half
2021-11-16	0.5004537177362817	budrio-half
2021-11-17	0.51731303730834	budrio-half
2021-11-18	0.5341723568803983	budrio-half
2021-11-19	0.5510316764524567	budrio-half
2021-11-20	0.567890996024515	budrio-half
2021-11-21	0.5847503155965733	budrio-half
2021-11-22	0.6016096351686316	budrio-half
2021-11-23	0.61846895474069	budrio-half
2021-11-24	0.6310255078650484	budrio-half
2021-11-25	0.6197513545098384	budrio-half
2021-11-26	0.6048363987758053	budrio-half
2021-11-27	0.5899214430417724	budrio-half
2021-11-28	0.5750064873077393	budrio-half
2021-11-29	0.5600915315737063	budrio-half
2021-11-30	0.5451765758396733	budrio-half
2021-12-01	0.5302616201056403	budrio-half
2021-12-02	0.5153466643716073	budrio-half
2021-12-03	0.5004317086375741	budrio-half
2021-12-04	0.4855167529035412	budrio-half
2021-12-05	0.4706017971695082	budrio-half
2021-12-06	0.4556868414354751	budrio-half
2021-12-07	0.44077188570144216	budrio-half
2021-12-08	0.4258569299674091	budrio-half
2021-12-09	0.423201423076941	budrio-half
2021-12-10	0.4884444020892937	budrio-half
2021-12-11	0.5640607608923552	budrio-half
2021-12-12	0.6396771196954166	budrio-half
2021-12-13	0.7152934784984781	budrio-half
2021-12-14	0.77977827423851	budrio-half
2021-12-15	0.7826113360909929	budrio-half
2021-12-16	0.776025383043989	budrio-half
2021-12-17	0.7694394299969852	budrio-half
2021-12-18	0.7628534769499814	budrio-half
2021-12-19	0.757515207221378	budrio-half
2021-12-20	0.7590871835639152	budrio-half
2021-12-21	0.761714891945099	budrio-half
2021-12-22	0.7643426003262827	budrio-half
2021-12-23	0.7669703087074665	budrio-half
2021-12-24	0.7695980170886503	budrio-half
2021-12-25	0.772225725469834	budrio-half
2021-12-26	0.7748534338510177	budrio-half
2021-12-27	0.7774811422322015	budrio-half
2021-12-28	0.7801088506133853	budrio-half
2021-12-29	0.7827365589945691	budrio-half
2021-12-30	0.7853642673757527	budrio-half
2021-12-31	0.7879919757569366	budrio-half
2022-01-01	0.7906196841381203	budrio-half
2022-01-02	0.7932473925193041	budrio-half
2022-01-03	0.7958751009004877	budrio-half
2022-01-04	0.7985028092816716	budrio-half
2022-01-05	0.8011305176628554	budrio-half
2022-01-06	0.8037582260440391	budrio-half
2022-01-07	0.8063859344252228	budrio-half
2022-01-08	0.809431950248315	budrio-half
2022-01-09	0.8147947457496691	budrio-half
2022-01-10	0.8205114937018689	budrio-half
2022-01-11	0.8262282416540687	budrio-half
2022-01-12	0.8319449896062684	budrio-half
2022-01-13	0.8331811163280669	budrio-half
2022-01-14	0.8096014946968739	budrio-half
2022-01-15	0.7822305781784183	budrio-half
2022-01-16	0.7548596616599629	budrio-half
2022-01-17	0.7274887451415072	budrio-half
2022-01-18	0.7001178286230516	budrio-half
2022-01-19	0.672746912104596	budrio-half
2022-01-20	0.6453759955861406	budrio-half
2022-01-21	0.618005079067685	budrio-half
2022-01-22	0.5906341625492294	budrio-half
2022-01-23	0.5658823273625911	budrio-half
2022-01-24	0.5556361733983256	budrio-half
2022-01-25	0.547606165176367	budrio-half
2022-01-26	0.5395761569544083	budrio-half
2022-01-27	0.5315461487324498	budrio-half
2022-01-28	0.5235161405104912	budrio-half
2022-01-29	0.5154861322885326	budrio-half
2022-01-30	0.5074561240665739	budrio-half
2022-01-31	0.4994261158446154	budrio-half
2022-02-01	0.49139610762265673	budrio-half
2022-02-02	0.4846931714909848	budrio-half
2022-02-03	0.48534017309013117	budrio-half
2022-02-04	0.4871100818425969	budrio-half
2022-02-05	0.4888799905950627	budrio-half
2022-02-06	0.49064989934752856	budrio-half
2022-02-07	0.49241980809999436	budrio-half
2022-02-08	0.4941897168524601	budrio-half
2022-02-09	0.4959596256049259	budrio-half
2022-02-10	0.49772953435739176	budrio-half
2022-02-11	0.49949944310985755	budrio-half
2022-02-12	0.5012693518623234	budrio-half
2022-02-13	0.5030392606147891	budrio-half
2022-02-14	0.504809169367255	budrio-half
2022-02-15	0.5065790781197207	budrio-half
2022-02-16	0.5083489868721865	budrio-half
2022-02-17	0.5102362773226042	budrio-half
2022-02-18	0.5127736817924483	budrio-half
2022-02-19	0.5154104092374826	budrio-half
2022-02-20	0.5180471366825168	budrio-half
2022-02-21	0.520683864127551	budrio-half
2022-02-22	0.5207817405764609	budrio-half
2022-02-23	0.5068182884314515	budrio-half
2022-02-24	0.49070657775125986	budrio-half
2022-02-25	0.4745948670710683	budrio-half
2022-02-26	0.45848315639087683	budrio-half
2022-02-27	0.44237144571068526	budrio-half
2022-02-28	0.42625973503049375	budrio-half
2022-03-01	0.4101480243503022	budrio-half
2022-03-02	0.3940363136701106	budrio-half
2022-03-03	0.3779246029899191	budrio-half
2022-03-04	0.36834929005263267	budrio-half
2022-03-05	0.3949755646145133	budrio-half
2022-03-06	0.42713263726654443	budrio-half
2022-03-07	0.45928970991857554	budrio-half
2022-03-08	0.49144678257060664	budrio-half
2022-03-09	0.5125969463815068	budrio-half
2022-03-10	0.4727857689184501	budrio-half
2022-03-11	0.4236610532052056	budrio-half
2022-03-12	0.3745363374919611	budrio-half
2022-03-13	0.3254116217787166	budrio-half
2022-03-14	0.2893062117383691	budrio-half
2022-03-15	0.32530772542483605	budrio-half
2022-03-16	0.37232557468067734	budrio-half
2022-03-17	0.41934342393651863	budrio-half
2022-03-18	0.4663612731923599	budrio-half
2022-03-19	0.5078872338468928	budrio-half
2022-03-20	0.5189965807095633	budrio-half
2022-03-21	0.5254589449095882	budrio-half
2022-03-22	0.5319213091096131	budrio-half
2022-03-23	0.538383673309638	budrio-half
2022-03-24	0.5433344229174502	budrio-half
2022-03-25	0.5399131532453145	budrio-half
2022-03-26	0.5352128250720757	budrio-half
2022-03-27	0.530512496898837	budrio-half
2022-03-28	0.5258121687255982	budrio-half
2022-03-29	0.5211118405523595	budrio-half
2022-03-30	0.5164115123791206	budrio-half
2022-03-31	0.5117111842058819	budrio-half
2022-04-01	0.5070108560326431	budrio-half
2022-04-02	0.5023105278594043	budrio-half
2022-04-03	0.4990387261914628	budrio-half
2022-04-04	0.5051172798309207	budrio-half
2022-04-05	0.512884092067548	budrio-half
2022-04-06	0.5206509043041754	budrio-half
2022-04-07	0.5284177165408027	budrio-half
2022-04-08	0.53618452877743	budrio-half
2022-04-09	0.5439513410140574	budrio-half
2022-04-10	0.5517181532506846	budrio-half
2022-04-11	0.559484965487312	budrio-half
2022-04-12	0.5672517777239393	budrio-half
2022-04-13	0.5750185899605667	budrio-half
2022-04-14	0.582785402197194	budrio-half
2022-04-15	0.5905522144338212	budrio-half
2022-04-16	0.5983190266704487	budrio-half
2022-04-17	0.6060858389070759	budrio-half
2022-04-18	0.6114232265423786	budrio-half
2022-04-19	0.6008589258781015	budrio-half
2022-04-20	0.5874234870486227	budrio-half
2022-04-21	0.5739880482191438	budrio-half
2022-04-22	0.5605526093896649	budrio-half
2022-04-23	0.547117170560186	budrio-half
2022-04-24	0.5336817317307071	budrio-half
2022-04-25	0.5202462929012283	budrio-half
2022-04-26	0.5068108540717493	budrio-half
2022-04-27	0.4933754152422704	budrio-half
2022-04-28	0.48437979193209485	budrio-half
2022-04-29	0.504444779293723	budrio-half
2022-04-30	0.5297568213599824	budrio-half
2022-05-01	0.5550688634262418	budrio-half
2022-05-02	0.5803809054925012	budrio-half
2022-05-03	0.6026493110792742	budrio-half
2022-05-04	0.6049957324366814	budrio-half
2022-05-05	0.6037451288637866	budrio-half
2022-05-06	0.6024945252908916	budrio-half
2022-05-07	0.6012439217179969	budrio-half
2022-05-08	0.5999933181451019	budrio-half
2022-05-09	0.5987427145722072	budrio-half
2022-05-10	0.5974921109993122	budrio-half
2022-05-11	0.5962415074264175	budrio-half
2022-05-12	0.5949909038535225	budrio-half
2022-05-13	0.5933034534368168	budrio-half
2022-05-14	0.5887566418606208	budrio-half
2022-05-15	0.5836935567417391	budrio-half
2022-05-16	0.5786304716228575	budrio-half
2022-05-17	0.5735673865039758	budrio-half
2022-05-18	0.5680409384375736	budrio-half
2022-05-19	0.5594815692601284	budrio-half
2022-05-20	0.5503745893265225	budrio-half
2022-05-21	0.5412676093929166	budrio-half
2022-05-22	0.5321606294593106	budrio-half
2022-05-23	0.5230012681950235	budrio-half
2022-05-24	0.5134990473117308	budrio-half
2022-05-25	0.503934921219451	budrio-half
2022-05-26	0.49437079512717136	budrio-half
2022-05-27	0.48480666903489156	budrio-half
2022-05-28	0.47569301786016255	budrio-half
2022-05-29	0.4695279297821289	budrio-half
2022-05-30	0.46389522115210974	budrio-half
2022-05-31	0.45826251252209055	budrio-half
2022-06-01	0.45262980389207136	budrio-half
2022-06-02	0.4452830545127895	budrio-half
2022-06-03	0.4267171293201522	budrio-half
2022-06-04	0.4061255196056592	budrio-half
2022-06-05	0.38553390989116604	budrio-half
2022-06-06	0.36494230017667295	budrio-half
2022-06-07	0.34422672698785184	budrio-half
2022-06-08	0.32269975651252014	budrio-half
2022-06-09	0.3010262837493463	budrio-half
2022-06-10	0.2793528109861725	budrio-half
2022-06-11	0.25767933822299866	budrio-half
2022-06-12	0.23807685804730894	budrio-half
2022-06-13	0.23202996571696985	budrio-half
2022-06-14	0.2284306100809302	budrio-half
2022-06-15	0.22483125444489058	budrio-half
2022-06-16	0.22123189880885089	budrio-half
2022-06-17	0.21763254317281125	budrio-half
2022-06-18	0.21403318753677159	budrio-half
2022-06-19	0.21043383190073195	budrio-half
2022-06-20	0.20683447626469229	budrio-half
2022-06-21	0.20323512062865265	budrio-half
2022-06-22	0.199635764992613	budrio-half
2022-06-23	0.19603640935657332	budrio-half
2022-06-24	0.19243705372053369	budrio-half
2022-06-25	0.18883769808449402	budrio-half
2022-06-26	0.18523834244845439	budrio-half
2022-06-27	0.18163898681241472	budrio-half
2022-06-28	0.17803963117637508	budrio-half
2022-06-29	0.17444027554033545	budrio-half
2022-06-30	0.17084091990429576	budrio-half
2022-07-01	0.16724156426825612	budrio-half
2022-07-02	0.16376451943764508	budrio-half
2022-07-03	0.1610880544243849	budrio-half
2022-07-04	0.15855613854481307	budrio-half
2022-07-05	0.15602422266524124	budrio-half
2022-07-06	0.1534923067856694	budrio-half
2022-07-07	0.15162097237910885	budrio-half
2022-07-08	0.1540734439777128	budrio-half
2022-07-09	0.1573066027716937	budrio-half
2022-07-10	0.1605397615656746	budrio-half
2022-07-11	0.1637729203596555	budrio-half
2022-07-12	0.16565070805622317	budrio-half
2022-07-13	0.1586569758424499	budrio-half
2022-07-14	0.1500614414226428	budrio-half
2022-07-15	0.1414659070028357	budrio-half
2022-07-16	0.13287037258302864	budrio-half
2022-07-17	0.12533564392527116	budrio-half
2022-07-18	0.12474437116456559	budrio-half
2022-07-19	0.12540677794082775	budrio-half
2022-07-20	0.1260691847170899	budrio-half
2022-07-21	0.12673159149335203	budrio-half
2022-07-22	0.12674038802306944	budrio-half
2022-07-23	0.12247100839358498	budrio-half
2022-07-24	0.11742918029091128	budrio-half
2022-07-25	0.11238735218823757	budrio-half
2022-07-26	0.10734552408556387	budrio-half
2022-07-27	0.10230369598289017	budrio-half
2022-07-28	0.09726186788021647	budrio-half
2022-07-29	0.09222003977754277	budrio-half
2022-07-30	0.08717821167486907	budrio-half
2022-07-31	0.08213638357219537	budrio-half
2022-08-01	0.07741419276126109	budrio-half
2022-08-02	0.07478417331443937	budrio-half
2022-08-03	0.07253190703058242	budrio-half
2022-08-04	0.07027964074672546	budrio-half
2022-08-05	0.06802737446286851	budrio-half
2022-08-06	0.06634978013271993	budrio-half
2022-08-07	0.06843367495411708	budrio-half
2022-08-08	0.07119672753898774	budrio-half
2022-08-09	0.07395978012385841	budrio-half
2022-08-10	0.0767228327087291	budrio-half
2022-08-11	0.07913704148519889	budrio-half
2022-08-12	0.0792679089703175	budrio-half
2022-08-13	0.07898650650005325	budrio-half
2022-08-14	0.078705104029789	budrio-half
2022-08-15	0.07842370155952476	budrio-half
2022-08-16	0.07800654919985946	budrio-half
2022-08-17	0.07670085210956905	budrio-half
2022-08-18	0.07523472333180466	budrio-half
2022-08-19	0.07376859455404026	budrio-half
2022-08-20	0.07230246577627589	budrio-half
2022-08-21	0.07074054226159833	budrio-half
2022-08-22	0.06855159865076178	budrio-half
2022-08-23	0.06624944307811877	budrio-half
2022-08-24	0.06394728750547575	budrio-half
2022-08-25	0.06164513193283274	budrio-half
2022-08-26	0.05574641994960444	budrio-half
2022-08-27	0.026306611460727047	budrio-half
2022-08-28	-0.007383672786114767	budrio-half
2022-08-29	-0.04107395703295658	budrio-half
2022-08-30	-0.0747642412797984	budrio-half
2022-08-31	-0.10037926659633188	budrio-half
2022-09-01	-0.07313805164175617	budrio-half
2022-09-02	-0.03635334886045242	budrio-half
2022-09-03	0.0004313539208513391	budrio-half
2022-09-04	0.0372160567021551	budrio-half
2022-09-05	0.0699780121047159	budrio-half
2022-09-06	0.07640925739186823	budrio-half
2022-09-07	0.07808634668596069	budrio-half
2022-09-08	0.07976343598005314	budrio-half
2022-09-09	0.08144052527414561	budrio-half
2022-09-10	0.08289910369054744	budrio-half
2022-09-11	0.08292742908933784	budrio-half
2022-09-12	0.0826975143599484	budrio-half
2022-09-13	0.08246759963055897	budrio-half
2022-09-14	0.08223768490116953	budrio-half
2022-09-15	0.0820077701717801	budrio-half
2022-09-16	0.08177785544239066	budrio-half
2022-09-17	0.08154794071300123	budrio-half
2022-09-18	0.08131802598361179	budrio-half
2022-09-19	0.08108811125422236	budrio-half
2022-09-20	0.08084749283415452	budrio-half
2022-09-21	0.08053681389328264	budrio-half
2022-09-22	0.08021348513615446	budrio-half
2022-09-23	0.07989015637902629	budrio-half
2022-09-24	0.07956682762189812	budrio-half
2022-09-25	0.07924349886476995	budrio-half
2022-09-26	0.07892017010764178	budrio-half
2022-09-27	0.0785968413505136	budrio-half
2022-09-28	0.07827351259338543	budrio-half
2022-09-29	0.07795018383625726	budrio-half
2022-09-30	0.07762685507912909	budrio-half
2022-10-01	0.07730352632200092	budrio-half
2022-10-02	0.07698019756487275	budrio-half
2022-10-03	0.07665686880774457	budrio-half
2022-10-04	0.0763335400506164	budrio-half
2022-10-05	0.07593769492536541	budrio-half
2022-10-06	0.075067197208765	budrio-half
2022-10-07	0.0741109983298376	budrio-half
2022-10-08	0.0731547994509102	budrio-half
2022-10-09	0.07219860057198281	budrio-half
2022-10-10	0.07124240169305543	budrio-half
2022-10-11	0.07028620281412805	budrio-half
2022-10-12	0.06933000393520065	budrio-half
2022-10-13	0.06837380505627326	budrio-half
2022-10-14	0.06741760617734587	budrio-half
2022-10-15	0.06647492320742723	budrio-half
2022-10-16	0.06562070800556588	budrio-half
2022-10-17	0.06478246615071488	budrio-half
2022-10-18	0.06394422429586387	budrio-half
2022-10-19	0.06310598244101287	budrio-half
2022-10-20	0.06166783723598369	budrio-half
2022-10-21	0.05630305192069739	budrio-half
2022-10-22	0.0502292899188369	budrio-half
2022-10-23	0.04415552791697639	budrio-half
2022-10-24	0.038081765915115896	budrio-half
2022-10-25	0.03384786743188873	budrio-half
2022-10-26	0.04165671197971609	budrio-half
2022-10-27	0.0516399406859283	budrio-half
2022-10-28	0.06162316939214051	budrio-half
2022-10-29	0.07160639809835272	budrio-half
2022-10-30	0.08013777022336448	budrio-half
2022-10-31	0.0806280905140352	budrio-half
2022-11-01	0.07988991677445938	budrio-half
2022-11-02	0.07915174303488355	budrio-half
2022-11-03	0.07841356929530774	budrio-half
2022-11-04	0.0769753563123722	budrio-half
2022-11-05	0.07166000290467521	budrio-half
2022-11-06	0.06575230859875078	budrio-half
2022-11-07	0.05984461429282634	budrio-half
2022-11-08	0.0539369199869019	budrio-half
2022-11-09	0.04913065887315477	budrio-half
2022-11-10	0.05042464313146663	budrio-half
2022-11-11	0.05265060932162081	budrio-half
2022-11-12	0.054876575511774994	budrio-half
2022-11-13	0.05710254170192919	budrio-half
2022-11-14	0.059328507892083375	budrio-half
2022-11-15	0.061554474082237555	budrio-half
2022-11-16	0.06378044027239176	budrio-half
2022-11-17	0.06600640646254594	budrio-half
2022-11-18	0.06823237265270012	budrio-half
2022-11-19	0.07045833884285431	budrio-half
2022-11-20	0.0726843050330085	budrio-half
2022-11-21	0.07491027122316268	budrio-half
2022-11-22	0.07713623741331686	budrio-half
2022-11-23	0.07936220360347106	budrio-half
2022-11-24	0.08128673687204187	budrio-half
2022-11-25	0.08154179549799703	budrio-half
2022-11-26	0.08154179549799703	budrio-half
2022-11-27	0.08154179549799703	budrio-half
2022-11-28	0.08154179549799703	budrio-half
2022-11-29	0.08154179549799703	budrio-half
2022-11-30	0.08154179549799703	budrio-half
2022-12-01	0.08154179549799703	budrio-half
2022-12-02	0.08154179549799703	budrio-half
2022-12-03	0.08154179549799703	budrio-half
2022-12-04	0.08154179549799703	budrio-half
2022-12-05	0.08154179549799703	budrio-half
2022-12-06	0.08154179549799703	budrio-half
2022-12-07	0.08154179549799703	budrio-half
2022-12-08	0.08154179549799703	budrio-half
2022-12-09	0.08154179549799703	budrio-half
2022-12-10	0.08154179549799703	budrio-half
2022-12-11	0.08154179549799703	budrio-half
2022-12-12	0.08154179549799703	budrio-half
2022-12-13	0.08154179549799703	budrio-half
2022-12-14	0.08154179549799703	budrio-half
2022-12-15	0.08154179549799703	budrio-half
2022-12-16	0.08154179549799703	budrio-half
2022-12-17	0.08154179549799703	budrio-half
2022-12-18	0.08154179549799703	budrio-half
2022-12-19	0.08154179549799703	budrio-half
2022-12-20	0.08154179549799703	budrio-half
2022-12-21	0.08154179549799703	budrio-half
2022-12-22	0.08154179549799703	budrio-half
2022-12-23	0.08154179549799703	budrio-half
2022-12-24	0.08154179549799703	budrio-half
2022-12-25	0.08154179549799703	budrio-half
2022-12-26	0.08154179549799703	budrio-half
2022-12-27	0.08154179549799703	budrio-half
2022-12-28	0.08154179549799703	budrio-half
2022-12-29	0.08154179549799703	budrio-half
2022-12-30	0.08154179549799703	budrio-half
2022-12-31	0.08154179549799703	budrio-half
2023-01-01	0.08154179549799703	budrio-half
2023-01-02	0.08154179549799703	budrio-half
2023-01-03	0.08154179549799703	budrio-half
2023-01-04	0.08154179549799703	budrio-half
2023-01-05	0.08154179549799703	budrio-half
2023-01-06	0.08154179549799703	budrio-half
2023-01-07	0.08154179549799703	budrio-half
2023-01-08	0.08154179549799703	budrio-half
2023-01-09	0.08154179549799703	budrio-half
2023-01-10	0.08154179549799703	budrio-half
2023-01-11	0.08154179549799703	budrio-half
2023-01-12	0.08154179549799703	budrio-half
2023-01-13	0.08154179549799703	budrio-half
